Created by PLY version 3.11 (http://www.dabeaz.com/ply)

Grammar

Rule 0     S' -> program
Rule 1     program -> class_list
Rule 2     class_list -> class_list class
Rule 3     class_list -> class
Rule 4     class -> CLASS TIPO INHERITS TIPO ABRE_CHAVES feature_list FECHA_CHAVES PONTOEVIRGULA
Rule 5     class -> CLASS TIPO ABRE_CHAVES feature_list FECHA_CHAVES PONTOEVIRGULA
Rule 6     feature_list -> feature_list feature
Rule 7     feature_list -> feature
Rule 8     feature_list -> epsilon
Rule 9     feature -> ID ABRE_PARENTESE formal_list FECHA_PARENTESE DOISPONTOS TIPO ABRE_CHAVES expr FECHA_CHAVES PONTOEVIRGULA
Rule 10    feature -> ID DOISPONTOS TIPO OP_ATRIBUICAO expr PONTOEVIRGULA
Rule 11    feature -> ID DOISPONTOS TIPO PONTOEVIRGULA
Rule 12    feature -> ID ABRE_PARENTESE error FECHA_PARENTESE DOISPONTOS TIPO ABRE_CHAVES expr FECHA_CHAVES PONTOEVIRGULA
Rule 13    feature -> ID DOISPONTOS TIPO OP_ATRIBUICAO error PONTOEVIRGULA
Rule 14    formal_list -> formal_list VIRGULA formal
Rule 15    formal_list -> formal
Rule 16    formal_list -> epsilon
Rule 17    formal -> ID DOISPONTOS TIPO
Rule 18    expr_list -> expr_list VIRGULA expr
Rule 19    expr_list -> expr
Rule 20    expr_list -> epsilon
Rule 21    expr_list -> expr_list VIRGULA error
Rule 22    expr -> ID OP_ATRIBUICAO expr
Rule 23    expr -> expr ARROBA TIPO PONTO ID ABRE_PARENTESE expr_list FECHA_PARENTESE
Rule 24    expr -> expr PONTO ID ABRE_PARENTESE expr_list FECHA_PARENTESE
Rule 25    expr -> ID ABRE_PARENTESE expr_list FECHA_PARENTESE
Rule 26    expr -> ID ABRE_PARENTESE error FECHA_PARENTESE
Rule 27    expr -> IF expr THEN expr ELSE expr FI
Rule 28    expr -> WHILE expr LOOP expr POOL
Rule 29    expr -> ABRE_CHAVES expr_block_list FECHA_CHAVES
Rule 30    expr_block_list -> expr_block_list expr PONTOEVIRGULA
Rule 31    expr_block_list -> expr PONTOEVIRGULA
Rule 32    expr_block_list -> expr_block_list error PONTOEVIRGULA
Rule 33    expr_block_list -> error PONTOEVIRGULA
Rule 34    expr -> LET ID DOISPONTOS TIPO OP_ATRIBUICAO expr expr_id_list IN expr
Rule 35    expr -> LET ID DOISPONTOS TIPO expr_id_list IN expr
Rule 36    expr_id_list -> expr_id_list VIRGULA ID DOISPONTOS TIPO OP_ATRIBUICAO expr
Rule 37    expr_id_list -> expr_id_list VIRGULA ID DOISPONTOS TIPO
Rule 38    expr_id_list -> epsilon
Rule 39    expr_id_list -> error VIRGULA ID DOISPONTOS TIPO OP_ATRIBUICAO expr
Rule 40    expr_id_list -> error VIRGULA ID DOISPONTOS TIPO
Rule 41    expr -> CASE expr OF expr_case_list ESAC
Rule 42    expr_case_list -> expr_case_list ID DOISPONTOS TIPO SETA expr PONTOEVIRGULA
Rule 43    expr_case_list -> ID DOISPONTOS TIPO SETA expr PONTOEVIRGULA
Rule 44    expr_case_list -> expr_case_list ID DOISPONTOS TIPO SETA error PONTOEVIRGULA
Rule 45    expr -> NEW TIPO
Rule 46    expr -> ISVOID expr
Rule 47    expr -> NOT expr
Rule 48    expr -> expr OP_MAIS expr
Rule 49    expr -> expr OP_MENOS expr
Rule 50    expr -> expr OP_MULT expr
Rule 51    expr -> expr OP_DIV expr
Rule 52    expr -> OP_NEGACAO expr
Rule 53    expr -> expr OP_MENOR expr
Rule 54    expr -> expr OP_MENORIGUAL expr
Rule 55    expr -> expr OP_IGUAL expr
Rule 56    expr -> ABRE_PARENTESE expr FECHA_PARENTESE
Rule 57    expr -> ID
Rule 58    expr -> INTEIRO
Rule 59    expr -> STRING
Rule 60    expr -> TRUE
Rule 61    expr -> FALSE
Rule 62    expr -> REAL
Rule 63    epsilon -> <empty>

Terminals, with rules where they appear

ABRE_CHAVES          : 4 5 9 12 29
ABRE_PARENTESE       : 9 12 23 24 25 26 56
ARROBA               : 23
CASE                 : 41
CLASS                : 4 5
DOISPONTOS           : 9 10 11 12 13 17 34 35 36 37 39 40 42 43 44
ELSE                 : 27
ESAC                 : 41
FALSE                : 61
FECHA_CHAVES         : 4 5 9 12 29
FECHA_PARENTESE      : 9 12 23 24 25 26 56
FI                   : 27
ID                   : 9 10 11 12 13 17 22 23 24 25 26 34 35 36 37 39 40 42 43 44 57
IF                   : 27
IN                   : 34 35
INHERITS             : 4
INTEIRO              : 58
ISVOID               : 46
LET                  : 34 35
LOOP                 : 28
NEW                  : 45
NOT                  : 47
OF                   : 41
OP_ATRIBUICAO        : 10 13 22 34 36 39
OP_DIV               : 51
OP_IGUAL             : 55
OP_MAIS              : 48
OP_MENOR             : 53
OP_MENORIGUAL        : 54
OP_MENOS             : 49
OP_MULT              : 50
OP_NEGACAO           : 52
PONTO                : 23 24
PONTOEVIRGULA        : 4 5 9 10 11 12 13 30 31 32 33 42 43 44
POOL                 : 28
REAL                 : 62
SETA                 : 42 43 44
STRING               : 59
THEN                 : 27
TIPO                 : 4 4 5 9 10 11 12 13 17 23 34 35 36 37 39 40 42 43 44 45
TRUE                 : 60
VIRGULA              : 14 18 21 36 37 39 40
WHILE                : 28
error                : 12 13 21 26 32 33 39 40 44

Nonterminals, with rules where they appear

class                : 2 3
class_list           : 1 2
epsilon              : 8 16 20 38
expr                 : 9 10 12 18 19 22 23 24 27 27 27 28 28 30 31 34 34 35 36 39 41 42 43 46 47 48 48 49 49 50 50 51 51 52 53 53 54 54 55 55 56
expr_block_list      : 29 30 32
expr_case_list       : 41 42 44
expr_id_list         : 34 35 36 37
expr_list            : 18 21 23 24 25
feature              : 6 7
feature_list         : 4 5 6
formal               : 14 15
formal_list          : 9 14
program              : 0

Parsing method: LALR

state 0

    (0) S' -> . program
    (1) program -> . class_list
    (2) class_list -> . class_list class
    (3) class_list -> . class
    (4) class -> . CLASS TIPO INHERITS TIPO ABRE_CHAVES feature_list FECHA_CHAVES PONTOEVIRGULA
    (5) class -> . CLASS TIPO ABRE_CHAVES feature_list FECHA_CHAVES PONTOEVIRGULA

    CLASS           shift and go to state 4

    program                        shift and go to state 1
    class_list                     shift and go to state 2
    class                          shift and go to state 3

state 1

    (0) S' -> program .



state 2

    (1) program -> class_list .
    (2) class_list -> class_list . class
    (4) class -> . CLASS TIPO INHERITS TIPO ABRE_CHAVES feature_list FECHA_CHAVES PONTOEVIRGULA
    (5) class -> . CLASS TIPO ABRE_CHAVES feature_list FECHA_CHAVES PONTOEVIRGULA

    $end            reduce using rule 1 (program -> class_list .)
    CLASS           shift and go to state 4

    class                          shift and go to state 5

state 3

    (3) class_list -> class .

    CLASS           reduce using rule 3 (class_list -> class .)
    $end            reduce using rule 3 (class_list -> class .)


state 4

    (4) class -> CLASS . TIPO INHERITS TIPO ABRE_CHAVES feature_list FECHA_CHAVES PONTOEVIRGULA
    (5) class -> CLASS . TIPO ABRE_CHAVES feature_list FECHA_CHAVES PONTOEVIRGULA

    TIPO            shift and go to state 6


state 5

    (2) class_list -> class_list class .

    CLASS           reduce using rule 2 (class_list -> class_list class .)
    $end            reduce using rule 2 (class_list -> class_list class .)


state 6

    (4) class -> CLASS TIPO . INHERITS TIPO ABRE_CHAVES feature_list FECHA_CHAVES PONTOEVIRGULA
    (5) class -> CLASS TIPO . ABRE_CHAVES feature_list FECHA_CHAVES PONTOEVIRGULA

    INHERITS        shift and go to state 7
    ABRE_CHAVES     shift and go to state 8


state 7

    (4) class -> CLASS TIPO INHERITS . TIPO ABRE_CHAVES feature_list FECHA_CHAVES PONTOEVIRGULA

    TIPO            shift and go to state 9


state 8

    (5) class -> CLASS TIPO ABRE_CHAVES . feature_list FECHA_CHAVES PONTOEVIRGULA
    (6) feature_list -> . feature_list feature
    (7) feature_list -> . feature
    (8) feature_list -> . epsilon
    (9) feature -> . ID ABRE_PARENTESE formal_list FECHA_PARENTESE DOISPONTOS TIPO ABRE_CHAVES expr FECHA_CHAVES PONTOEVIRGULA
    (10) feature -> . ID DOISPONTOS TIPO OP_ATRIBUICAO expr PONTOEVIRGULA
    (11) feature -> . ID DOISPONTOS TIPO PONTOEVIRGULA
    (12) feature -> . ID ABRE_PARENTESE error FECHA_PARENTESE DOISPONTOS TIPO ABRE_CHAVES expr FECHA_CHAVES PONTOEVIRGULA
    (13) feature -> . ID DOISPONTOS TIPO OP_ATRIBUICAO error PONTOEVIRGULA
    (63) epsilon -> .

  ! shift/reduce conflict for ID resolved as shift
    ID              shift and go to state 13
    FECHA_CHAVES    reduce using rule 63 (epsilon -> .)

  ! ID              [ reduce using rule 63 (epsilon -> .) ]

    feature_list                   shift and go to state 10
    feature                        shift and go to state 11
    epsilon                        shift and go to state 12

state 9

    (4) class -> CLASS TIPO INHERITS TIPO . ABRE_CHAVES feature_list FECHA_CHAVES PONTOEVIRGULA

    ABRE_CHAVES     shift and go to state 14


state 10

    (5) class -> CLASS TIPO ABRE_CHAVES feature_list . FECHA_CHAVES PONTOEVIRGULA
    (6) feature_list -> feature_list . feature
    (9) feature -> . ID ABRE_PARENTESE formal_list FECHA_PARENTESE DOISPONTOS TIPO ABRE_CHAVES expr FECHA_CHAVES PONTOEVIRGULA
    (10) feature -> . ID DOISPONTOS TIPO OP_ATRIBUICAO expr PONTOEVIRGULA
    (11) feature -> . ID DOISPONTOS TIPO PONTOEVIRGULA
    (12) feature -> . ID ABRE_PARENTESE error FECHA_PARENTESE DOISPONTOS TIPO ABRE_CHAVES expr FECHA_CHAVES PONTOEVIRGULA
    (13) feature -> . ID DOISPONTOS TIPO OP_ATRIBUICAO error PONTOEVIRGULA

    FECHA_CHAVES    shift and go to state 15
    ID              shift and go to state 13

    feature                        shift and go to state 16

state 11

    (7) feature_list -> feature .

    FECHA_CHAVES    reduce using rule 7 (feature_list -> feature .)
    ID              reduce using rule 7 (feature_list -> feature .)


state 12

    (8) feature_list -> epsilon .

    FECHA_CHAVES    reduce using rule 8 (feature_list -> epsilon .)
    ID              reduce using rule 8 (feature_list -> epsilon .)


state 13

    (9) feature -> ID . ABRE_PARENTESE formal_list FECHA_PARENTESE DOISPONTOS TIPO ABRE_CHAVES expr FECHA_CHAVES PONTOEVIRGULA
    (10) feature -> ID . DOISPONTOS TIPO OP_ATRIBUICAO expr PONTOEVIRGULA
    (11) feature -> ID . DOISPONTOS TIPO PONTOEVIRGULA
    (12) feature -> ID . ABRE_PARENTESE error FECHA_PARENTESE DOISPONTOS TIPO ABRE_CHAVES expr FECHA_CHAVES PONTOEVIRGULA
    (13) feature -> ID . DOISPONTOS TIPO OP_ATRIBUICAO error PONTOEVIRGULA

    ABRE_PARENTESE  shift and go to state 17
    DOISPONTOS      shift and go to state 18


state 14

    (4) class -> CLASS TIPO INHERITS TIPO ABRE_CHAVES . feature_list FECHA_CHAVES PONTOEVIRGULA
    (6) feature_list -> . feature_list feature
    (7) feature_list -> . feature
    (8) feature_list -> . epsilon
    (9) feature -> . ID ABRE_PARENTESE formal_list FECHA_PARENTESE DOISPONTOS TIPO ABRE_CHAVES expr FECHA_CHAVES PONTOEVIRGULA
    (10) feature -> . ID DOISPONTOS TIPO OP_ATRIBUICAO expr PONTOEVIRGULA
    (11) feature -> . ID DOISPONTOS TIPO PONTOEVIRGULA
    (12) feature -> . ID ABRE_PARENTESE error FECHA_PARENTESE DOISPONTOS TIPO ABRE_CHAVES expr FECHA_CHAVES PONTOEVIRGULA
    (13) feature -> . ID DOISPONTOS TIPO OP_ATRIBUICAO error PONTOEVIRGULA
    (63) epsilon -> .

  ! shift/reduce conflict for ID resolved as shift
    ID              shift and go to state 13
    FECHA_CHAVES    reduce using rule 63 (epsilon -> .)

  ! ID              [ reduce using rule 63 (epsilon -> .) ]

    feature_list                   shift and go to state 19
    feature                        shift and go to state 11
    epsilon                        shift and go to state 12

state 15

    (5) class -> CLASS TIPO ABRE_CHAVES feature_list FECHA_CHAVES . PONTOEVIRGULA

    PONTOEVIRGULA   shift and go to state 20


state 16

    (6) feature_list -> feature_list feature .

    FECHA_CHAVES    reduce using rule 6 (feature_list -> feature_list feature .)
    ID              reduce using rule 6 (feature_list -> feature_list feature .)


state 17

    (9) feature -> ID ABRE_PARENTESE . formal_list FECHA_PARENTESE DOISPONTOS TIPO ABRE_CHAVES expr FECHA_CHAVES PONTOEVIRGULA
    (12) feature -> ID ABRE_PARENTESE . error FECHA_PARENTESE DOISPONTOS TIPO ABRE_CHAVES expr FECHA_CHAVES PONTOEVIRGULA
    (14) formal_list -> . formal_list VIRGULA formal
    (15) formal_list -> . formal
    (16) formal_list -> . epsilon
    (17) formal -> . ID DOISPONTOS TIPO
    (63) epsilon -> .

    error           shift and go to state 23
    ID              shift and go to state 21
    FECHA_PARENTESE reduce using rule 63 (epsilon -> .)
    VIRGULA         reduce using rule 63 (epsilon -> .)

    formal_list                    shift and go to state 22
    formal                         shift and go to state 24
    epsilon                        shift and go to state 25

state 18

    (10) feature -> ID DOISPONTOS . TIPO OP_ATRIBUICAO expr PONTOEVIRGULA
    (11) feature -> ID DOISPONTOS . TIPO PONTOEVIRGULA
    (13) feature -> ID DOISPONTOS . TIPO OP_ATRIBUICAO error PONTOEVIRGULA

    TIPO            shift and go to state 26


state 19

    (4) class -> CLASS TIPO INHERITS TIPO ABRE_CHAVES feature_list . FECHA_CHAVES PONTOEVIRGULA
    (6) feature_list -> feature_list . feature
    (9) feature -> . ID ABRE_PARENTESE formal_list FECHA_PARENTESE DOISPONTOS TIPO ABRE_CHAVES expr FECHA_CHAVES PONTOEVIRGULA
    (10) feature -> . ID DOISPONTOS TIPO OP_ATRIBUICAO expr PONTOEVIRGULA
    (11) feature -> . ID DOISPONTOS TIPO PONTOEVIRGULA
    (12) feature -> . ID ABRE_PARENTESE error FECHA_PARENTESE DOISPONTOS TIPO ABRE_CHAVES expr FECHA_CHAVES PONTOEVIRGULA
    (13) feature -> . ID DOISPONTOS TIPO OP_ATRIBUICAO error PONTOEVIRGULA

    FECHA_CHAVES    shift and go to state 27
    ID              shift and go to state 13

    feature                        shift and go to state 16

state 20

    (5) class -> CLASS TIPO ABRE_CHAVES feature_list FECHA_CHAVES PONTOEVIRGULA .

    CLASS           reduce using rule 5 (class -> CLASS TIPO ABRE_CHAVES feature_list FECHA_CHAVES PONTOEVIRGULA .)
    $end            reduce using rule 5 (class -> CLASS TIPO ABRE_CHAVES feature_list FECHA_CHAVES PONTOEVIRGULA .)


state 21

    (17) formal -> ID . DOISPONTOS TIPO

    DOISPONTOS      shift and go to state 28


state 22

    (9) feature -> ID ABRE_PARENTESE formal_list . FECHA_PARENTESE DOISPONTOS TIPO ABRE_CHAVES expr FECHA_CHAVES PONTOEVIRGULA
    (14) formal_list -> formal_list . VIRGULA formal

    FECHA_PARENTESE shift and go to state 29
    VIRGULA         shift and go to state 30


state 23

    (12) feature -> ID ABRE_PARENTESE error . FECHA_PARENTESE DOISPONTOS TIPO ABRE_CHAVES expr FECHA_CHAVES PONTOEVIRGULA

    FECHA_PARENTESE shift and go to state 31


state 24

    (15) formal_list -> formal .

    FECHA_PARENTESE reduce using rule 15 (formal_list -> formal .)
    VIRGULA         reduce using rule 15 (formal_list -> formal .)


state 25

    (16) formal_list -> epsilon .

    FECHA_PARENTESE reduce using rule 16 (formal_list -> epsilon .)
    VIRGULA         reduce using rule 16 (formal_list -> epsilon .)


state 26

    (10) feature -> ID DOISPONTOS TIPO . OP_ATRIBUICAO expr PONTOEVIRGULA
    (11) feature -> ID DOISPONTOS TIPO . PONTOEVIRGULA
    (13) feature -> ID DOISPONTOS TIPO . OP_ATRIBUICAO error PONTOEVIRGULA

    OP_ATRIBUICAO   shift and go to state 32
    PONTOEVIRGULA   shift and go to state 33


state 27

    (4) class -> CLASS TIPO INHERITS TIPO ABRE_CHAVES feature_list FECHA_CHAVES . PONTOEVIRGULA

    PONTOEVIRGULA   shift and go to state 34


state 28

    (17) formal -> ID DOISPONTOS . TIPO

    TIPO            shift and go to state 35


state 29

    (9) feature -> ID ABRE_PARENTESE formal_list FECHA_PARENTESE . DOISPONTOS TIPO ABRE_CHAVES expr FECHA_CHAVES PONTOEVIRGULA

    DOISPONTOS      shift and go to state 36


state 30

    (14) formal_list -> formal_list VIRGULA . formal
    (17) formal -> . ID DOISPONTOS TIPO

    ID              shift and go to state 21

    formal                         shift and go to state 37

state 31

    (12) feature -> ID ABRE_PARENTESE error FECHA_PARENTESE . DOISPONTOS TIPO ABRE_CHAVES expr FECHA_CHAVES PONTOEVIRGULA

    DOISPONTOS      shift and go to state 38


state 32

    (10) feature -> ID DOISPONTOS TIPO OP_ATRIBUICAO . expr PONTOEVIRGULA
    (13) feature -> ID DOISPONTOS TIPO OP_ATRIBUICAO . error PONTOEVIRGULA
    (22) expr -> . ID OP_ATRIBUICAO expr
    (23) expr -> . expr ARROBA TIPO PONTO ID ABRE_PARENTESE expr_list FECHA_PARENTESE
    (24) expr -> . expr PONTO ID ABRE_PARENTESE expr_list FECHA_PARENTESE
    (25) expr -> . ID ABRE_PARENTESE expr_list FECHA_PARENTESE
    (26) expr -> . ID ABRE_PARENTESE error FECHA_PARENTESE
    (27) expr -> . IF expr THEN expr ELSE expr FI
    (28) expr -> . WHILE expr LOOP expr POOL
    (29) expr -> . ABRE_CHAVES expr_block_list FECHA_CHAVES
    (34) expr -> . LET ID DOISPONTOS TIPO OP_ATRIBUICAO expr expr_id_list IN expr
    (35) expr -> . LET ID DOISPONTOS TIPO expr_id_list IN expr
    (41) expr -> . CASE expr OF expr_case_list ESAC
    (45) expr -> . NEW TIPO
    (46) expr -> . ISVOID expr
    (47) expr -> . NOT expr
    (48) expr -> . expr OP_MAIS expr
    (49) expr -> . expr OP_MENOS expr
    (50) expr -> . expr OP_MULT expr
    (51) expr -> . expr OP_DIV expr
    (52) expr -> . OP_NEGACAO expr
    (53) expr -> . expr OP_MENOR expr
    (54) expr -> . expr OP_MENORIGUAL expr
    (55) expr -> . expr OP_IGUAL expr
    (56) expr -> . ABRE_PARENTESE expr FECHA_PARENTESE
    (57) expr -> . ID
    (58) expr -> . INTEIRO
    (59) expr -> . STRING
    (60) expr -> . TRUE
    (61) expr -> . FALSE
    (62) expr -> . REAL

    error           shift and go to state 41
    ID              shift and go to state 39
    IF              shift and go to state 43
    WHILE           shift and go to state 44
    ABRE_CHAVES     shift and go to state 45
    LET             shift and go to state 46
    CASE            shift and go to state 47
    NEW             shift and go to state 48
    ISVOID          shift and go to state 49
    NOT             shift and go to state 50
    OP_NEGACAO      shift and go to state 51
    ABRE_PARENTESE  shift and go to state 42
    INTEIRO         shift and go to state 52
    STRING          shift and go to state 53
    TRUE            shift and go to state 54
    FALSE           shift and go to state 55
    REAL            shift and go to state 56

    expr                           shift and go to state 40

state 33

    (11) feature -> ID DOISPONTOS TIPO PONTOEVIRGULA .

    FECHA_CHAVES    reduce using rule 11 (feature -> ID DOISPONTOS TIPO PONTOEVIRGULA .)
    ID              reduce using rule 11 (feature -> ID DOISPONTOS TIPO PONTOEVIRGULA .)


state 34

    (4) class -> CLASS TIPO INHERITS TIPO ABRE_CHAVES feature_list FECHA_CHAVES PONTOEVIRGULA .

    CLASS           reduce using rule 4 (class -> CLASS TIPO INHERITS TIPO ABRE_CHAVES feature_list FECHA_CHAVES PONTOEVIRGULA .)
    $end            reduce using rule 4 (class -> CLASS TIPO INHERITS TIPO ABRE_CHAVES feature_list FECHA_CHAVES PONTOEVIRGULA .)


state 35

    (17) formal -> ID DOISPONTOS TIPO .

    FECHA_PARENTESE reduce using rule 17 (formal -> ID DOISPONTOS TIPO .)
    VIRGULA         reduce using rule 17 (formal -> ID DOISPONTOS TIPO .)


state 36

    (9) feature -> ID ABRE_PARENTESE formal_list FECHA_PARENTESE DOISPONTOS . TIPO ABRE_CHAVES expr FECHA_CHAVES PONTOEVIRGULA

    TIPO            shift and go to state 57


state 37

    (14) formal_list -> formal_list VIRGULA formal .

    FECHA_PARENTESE reduce using rule 14 (formal_list -> formal_list VIRGULA formal .)
    VIRGULA         reduce using rule 14 (formal_list -> formal_list VIRGULA formal .)


state 38

    (12) feature -> ID ABRE_PARENTESE error FECHA_PARENTESE DOISPONTOS . TIPO ABRE_CHAVES expr FECHA_CHAVES PONTOEVIRGULA

    TIPO            shift and go to state 58


state 39

    (22) expr -> ID . OP_ATRIBUICAO expr
    (25) expr -> ID . ABRE_PARENTESE expr_list FECHA_PARENTESE
    (26) expr -> ID . ABRE_PARENTESE error FECHA_PARENTESE
    (57) expr -> ID .

    OP_ATRIBUICAO   shift and go to state 59
    ABRE_PARENTESE  shift and go to state 60
    PONTOEVIRGULA   reduce using rule 57 (expr -> ID .)
    ARROBA          reduce using rule 57 (expr -> ID .)
    PONTO           reduce using rule 57 (expr -> ID .)
    OP_MAIS         reduce using rule 57 (expr -> ID .)
    OP_MENOS        reduce using rule 57 (expr -> ID .)
    OP_MULT         reduce using rule 57 (expr -> ID .)
    OP_DIV          reduce using rule 57 (expr -> ID .)
    OP_MENOR        reduce using rule 57 (expr -> ID .)
    OP_MENORIGUAL   reduce using rule 57 (expr -> ID .)
    OP_IGUAL        reduce using rule 57 (expr -> ID .)
    FECHA_PARENTESE reduce using rule 57 (expr -> ID .)
    THEN            reduce using rule 57 (expr -> ID .)
    LOOP            reduce using rule 57 (expr -> ID .)
    OF              reduce using rule 57 (expr -> ID .)
    VIRGULA         reduce using rule 57 (expr -> ID .)
    FECHA_CHAVES    reduce using rule 57 (expr -> ID .)
    ELSE            reduce using rule 57 (expr -> ID .)
    POOL            reduce using rule 57 (expr -> ID .)
    FI              reduce using rule 57 (expr -> ID .)
    error           reduce using rule 57 (expr -> ID .)
    IN              reduce using rule 57 (expr -> ID .)


state 40

    (10) feature -> ID DOISPONTOS TIPO OP_ATRIBUICAO expr . PONTOEVIRGULA
    (23) expr -> expr . ARROBA TIPO PONTO ID ABRE_PARENTESE expr_list FECHA_PARENTESE
    (24) expr -> expr . PONTO ID ABRE_PARENTESE expr_list FECHA_PARENTESE
    (48) expr -> expr . OP_MAIS expr
    (49) expr -> expr . OP_MENOS expr
    (50) expr -> expr . OP_MULT expr
    (51) expr -> expr . OP_DIV expr
    (53) expr -> expr . OP_MENOR expr
    (54) expr -> expr . OP_MENORIGUAL expr
    (55) expr -> expr . OP_IGUAL expr

    PONTOEVIRGULA   shift and go to state 61
    ARROBA          shift and go to state 62
    PONTO           shift and go to state 63
    OP_MAIS         shift and go to state 64
    OP_MENOS        shift and go to state 65
    OP_MULT         shift and go to state 66
    OP_DIV          shift and go to state 67
    OP_MENOR        shift and go to state 68
    OP_MENORIGUAL   shift and go to state 69
    OP_IGUAL        shift and go to state 70


state 41

    (13) feature -> ID DOISPONTOS TIPO OP_ATRIBUICAO error . PONTOEVIRGULA

    PONTOEVIRGULA   shift and go to state 71


state 42

    (56) expr -> ABRE_PARENTESE . expr FECHA_PARENTESE
    (22) expr -> . ID OP_ATRIBUICAO expr
    (23) expr -> . expr ARROBA TIPO PONTO ID ABRE_PARENTESE expr_list FECHA_PARENTESE
    (24) expr -> . expr PONTO ID ABRE_PARENTESE expr_list FECHA_PARENTESE
    (25) expr -> . ID ABRE_PARENTESE expr_list FECHA_PARENTESE
    (26) expr -> . ID ABRE_PARENTESE error FECHA_PARENTESE
    (27) expr -> . IF expr THEN expr ELSE expr FI
    (28) expr -> . WHILE expr LOOP expr POOL
    (29) expr -> . ABRE_CHAVES expr_block_list FECHA_CHAVES
    (34) expr -> . LET ID DOISPONTOS TIPO OP_ATRIBUICAO expr expr_id_list IN expr
    (35) expr -> . LET ID DOISPONTOS TIPO expr_id_list IN expr
    (41) expr -> . CASE expr OF expr_case_list ESAC
    (45) expr -> . NEW TIPO
    (46) expr -> . ISVOID expr
    (47) expr -> . NOT expr
    (48) expr -> . expr OP_MAIS expr
    (49) expr -> . expr OP_MENOS expr
    (50) expr -> . expr OP_MULT expr
    (51) expr -> . expr OP_DIV expr
    (52) expr -> . OP_NEGACAO expr
    (53) expr -> . expr OP_MENOR expr
    (54) expr -> . expr OP_MENORIGUAL expr
    (55) expr -> . expr OP_IGUAL expr
    (56) expr -> . ABRE_PARENTESE expr FECHA_PARENTESE
    (57) expr -> . ID
    (58) expr -> . INTEIRO
    (59) expr -> . STRING
    (60) expr -> . TRUE
    (61) expr -> . FALSE
    (62) expr -> . REAL

    ID              shift and go to state 39
    IF              shift and go to state 43
    WHILE           shift and go to state 44
    ABRE_CHAVES     shift and go to state 45
    LET             shift and go to state 46
    CASE            shift and go to state 47
    NEW             shift and go to state 48
    ISVOID          shift and go to state 49
    NOT             shift and go to state 50
    OP_NEGACAO      shift and go to state 51
    ABRE_PARENTESE  shift and go to state 42
    INTEIRO         shift and go to state 52
    STRING          shift and go to state 53
    TRUE            shift and go to state 54
    FALSE           shift and go to state 55
    REAL            shift and go to state 56

    expr                           shift and go to state 72

state 43

    (27) expr -> IF . expr THEN expr ELSE expr FI
    (22) expr -> . ID OP_ATRIBUICAO expr
    (23) expr -> . expr ARROBA TIPO PONTO ID ABRE_PARENTESE expr_list FECHA_PARENTESE
    (24) expr -> . expr PONTO ID ABRE_PARENTESE expr_list FECHA_PARENTESE
    (25) expr -> . ID ABRE_PARENTESE expr_list FECHA_PARENTESE
    (26) expr -> . ID ABRE_PARENTESE error FECHA_PARENTESE
    (27) expr -> . IF expr THEN expr ELSE expr FI
    (28) expr -> . WHILE expr LOOP expr POOL
    (29) expr -> . ABRE_CHAVES expr_block_list FECHA_CHAVES
    (34) expr -> . LET ID DOISPONTOS TIPO OP_ATRIBUICAO expr expr_id_list IN expr
    (35) expr -> . LET ID DOISPONTOS TIPO expr_id_list IN expr
    (41) expr -> . CASE expr OF expr_case_list ESAC
    (45) expr -> . NEW TIPO
    (46) expr -> . ISVOID expr
    (47) expr -> . NOT expr
    (48) expr -> . expr OP_MAIS expr
    (49) expr -> . expr OP_MENOS expr
    (50) expr -> . expr OP_MULT expr
    (51) expr -> . expr OP_DIV expr
    (52) expr -> . OP_NEGACAO expr
    (53) expr -> . expr OP_MENOR expr
    (54) expr -> . expr OP_MENORIGUAL expr
    (55) expr -> . expr OP_IGUAL expr
    (56) expr -> . ABRE_PARENTESE expr FECHA_PARENTESE
    (57) expr -> . ID
    (58) expr -> . INTEIRO
    (59) expr -> . STRING
    (60) expr -> . TRUE
    (61) expr -> . FALSE
    (62) expr -> . REAL

    ID              shift and go to state 39
    IF              shift and go to state 43
    WHILE           shift and go to state 44
    ABRE_CHAVES     shift and go to state 45
    LET             shift and go to state 46
    CASE            shift and go to state 47
    NEW             shift and go to state 48
    ISVOID          shift and go to state 49
    NOT             shift and go to state 50
    OP_NEGACAO      shift and go to state 51
    ABRE_PARENTESE  shift and go to state 42
    INTEIRO         shift and go to state 52
    STRING          shift and go to state 53
    TRUE            shift and go to state 54
    FALSE           shift and go to state 55
    REAL            shift and go to state 56

    expr                           shift and go to state 73

state 44

    (28) expr -> WHILE . expr LOOP expr POOL
    (22) expr -> . ID OP_ATRIBUICAO expr
    (23) expr -> . expr ARROBA TIPO PONTO ID ABRE_PARENTESE expr_list FECHA_PARENTESE
    (24) expr -> . expr PONTO ID ABRE_PARENTESE expr_list FECHA_PARENTESE
    (25) expr -> . ID ABRE_PARENTESE expr_list FECHA_PARENTESE
    (26) expr -> . ID ABRE_PARENTESE error FECHA_PARENTESE
    (27) expr -> . IF expr THEN expr ELSE expr FI
    (28) expr -> . WHILE expr LOOP expr POOL
    (29) expr -> . ABRE_CHAVES expr_block_list FECHA_CHAVES
    (34) expr -> . LET ID DOISPONTOS TIPO OP_ATRIBUICAO expr expr_id_list IN expr
    (35) expr -> . LET ID DOISPONTOS TIPO expr_id_list IN expr
    (41) expr -> . CASE expr OF expr_case_list ESAC
    (45) expr -> . NEW TIPO
    (46) expr -> . ISVOID expr
    (47) expr -> . NOT expr
    (48) expr -> . expr OP_MAIS expr
    (49) expr -> . expr OP_MENOS expr
    (50) expr -> . expr OP_MULT expr
    (51) expr -> . expr OP_DIV expr
    (52) expr -> . OP_NEGACAO expr
    (53) expr -> . expr OP_MENOR expr
    (54) expr -> . expr OP_MENORIGUAL expr
    (55) expr -> . expr OP_IGUAL expr
    (56) expr -> . ABRE_PARENTESE expr FECHA_PARENTESE
    (57) expr -> . ID
    (58) expr -> . INTEIRO
    (59) expr -> . STRING
    (60) expr -> . TRUE
    (61) expr -> . FALSE
    (62) expr -> . REAL

    ID              shift and go to state 39
    IF              shift and go to state 43
    WHILE           shift and go to state 44
    ABRE_CHAVES     shift and go to state 45
    LET             shift and go to state 46
    CASE            shift and go to state 47
    NEW             shift and go to state 48
    ISVOID          shift and go to state 49
    NOT             shift and go to state 50
    OP_NEGACAO      shift and go to state 51
    ABRE_PARENTESE  shift and go to state 42
    INTEIRO         shift and go to state 52
    STRING          shift and go to state 53
    TRUE            shift and go to state 54
    FALSE           shift and go to state 55
    REAL            shift and go to state 56

    expr                           shift and go to state 74

state 45

    (29) expr -> ABRE_CHAVES . expr_block_list FECHA_CHAVES
    (30) expr_block_list -> . expr_block_list expr PONTOEVIRGULA
    (31) expr_block_list -> . expr PONTOEVIRGULA
    (32) expr_block_list -> . expr_block_list error PONTOEVIRGULA
    (33) expr_block_list -> . error PONTOEVIRGULA
    (22) expr -> . ID OP_ATRIBUICAO expr
    (23) expr -> . expr ARROBA TIPO PONTO ID ABRE_PARENTESE expr_list FECHA_PARENTESE
    (24) expr -> . expr PONTO ID ABRE_PARENTESE expr_list FECHA_PARENTESE
    (25) expr -> . ID ABRE_PARENTESE expr_list FECHA_PARENTESE
    (26) expr -> . ID ABRE_PARENTESE error FECHA_PARENTESE
    (27) expr -> . IF expr THEN expr ELSE expr FI
    (28) expr -> . WHILE expr LOOP expr POOL
    (29) expr -> . ABRE_CHAVES expr_block_list FECHA_CHAVES
    (34) expr -> . LET ID DOISPONTOS TIPO OP_ATRIBUICAO expr expr_id_list IN expr
    (35) expr -> . LET ID DOISPONTOS TIPO expr_id_list IN expr
    (41) expr -> . CASE expr OF expr_case_list ESAC
    (45) expr -> . NEW TIPO
    (46) expr -> . ISVOID expr
    (47) expr -> . NOT expr
    (48) expr -> . expr OP_MAIS expr
    (49) expr -> . expr OP_MENOS expr
    (50) expr -> . expr OP_MULT expr
    (51) expr -> . expr OP_DIV expr
    (52) expr -> . OP_NEGACAO expr
    (53) expr -> . expr OP_MENOR expr
    (54) expr -> . expr OP_MENORIGUAL expr
    (55) expr -> . expr OP_IGUAL expr
    (56) expr -> . ABRE_PARENTESE expr FECHA_PARENTESE
    (57) expr -> . ID
    (58) expr -> . INTEIRO
    (59) expr -> . STRING
    (60) expr -> . TRUE
    (61) expr -> . FALSE
    (62) expr -> . REAL

    error           shift and go to state 77
    ID              shift and go to state 39
    IF              shift and go to state 43
    WHILE           shift and go to state 44
    ABRE_CHAVES     shift and go to state 45
    LET             shift and go to state 46
    CASE            shift and go to state 47
    NEW             shift and go to state 48
    ISVOID          shift and go to state 49
    NOT             shift and go to state 50
    OP_NEGACAO      shift and go to state 51
    ABRE_PARENTESE  shift and go to state 42
    INTEIRO         shift and go to state 52
    STRING          shift and go to state 53
    TRUE            shift and go to state 54
    FALSE           shift and go to state 55
    REAL            shift and go to state 56

    expr_block_list                shift and go to state 75
    expr                           shift and go to state 76

state 46

    (34) expr -> LET . ID DOISPONTOS TIPO OP_ATRIBUICAO expr expr_id_list IN expr
    (35) expr -> LET . ID DOISPONTOS TIPO expr_id_list IN expr

    ID              shift and go to state 78


state 47

    (41) expr -> CASE . expr OF expr_case_list ESAC
    (22) expr -> . ID OP_ATRIBUICAO expr
    (23) expr -> . expr ARROBA TIPO PONTO ID ABRE_PARENTESE expr_list FECHA_PARENTESE
    (24) expr -> . expr PONTO ID ABRE_PARENTESE expr_list FECHA_PARENTESE
    (25) expr -> . ID ABRE_PARENTESE expr_list FECHA_PARENTESE
    (26) expr -> . ID ABRE_PARENTESE error FECHA_PARENTESE
    (27) expr -> . IF expr THEN expr ELSE expr FI
    (28) expr -> . WHILE expr LOOP expr POOL
    (29) expr -> . ABRE_CHAVES expr_block_list FECHA_CHAVES
    (34) expr -> . LET ID DOISPONTOS TIPO OP_ATRIBUICAO expr expr_id_list IN expr
    (35) expr -> . LET ID DOISPONTOS TIPO expr_id_list IN expr
    (41) expr -> . CASE expr OF expr_case_list ESAC
    (45) expr -> . NEW TIPO
    (46) expr -> . ISVOID expr
    (47) expr -> . NOT expr
    (48) expr -> . expr OP_MAIS expr
    (49) expr -> . expr OP_MENOS expr
    (50) expr -> . expr OP_MULT expr
    (51) expr -> . expr OP_DIV expr
    (52) expr -> . OP_NEGACAO expr
    (53) expr -> . expr OP_MENOR expr
    (54) expr -> . expr OP_MENORIGUAL expr
    (55) expr -> . expr OP_IGUAL expr
    (56) expr -> . ABRE_PARENTESE expr FECHA_PARENTESE
    (57) expr -> . ID
    (58) expr -> . INTEIRO
    (59) expr -> . STRING
    (60) expr -> . TRUE
    (61) expr -> . FALSE
    (62) expr -> . REAL

    ID              shift and go to state 39
    IF              shift and go to state 43
    WHILE           shift and go to state 44
    ABRE_CHAVES     shift and go to state 45
    LET             shift and go to state 46
    CASE            shift and go to state 47
    NEW             shift and go to state 48
    ISVOID          shift and go to state 49
    NOT             shift and go to state 50
    OP_NEGACAO      shift and go to state 51
    ABRE_PARENTESE  shift and go to state 42
    INTEIRO         shift and go to state 52
    STRING          shift and go to state 53
    TRUE            shift and go to state 54
    FALSE           shift and go to state 55
    REAL            shift and go to state 56

    expr                           shift and go to state 79

state 48

    (45) expr -> NEW . TIPO

    TIPO            shift and go to state 80


state 49

    (46) expr -> ISVOID . expr
    (22) expr -> . ID OP_ATRIBUICAO expr
    (23) expr -> . expr ARROBA TIPO PONTO ID ABRE_PARENTESE expr_list FECHA_PARENTESE
    (24) expr -> . expr PONTO ID ABRE_PARENTESE expr_list FECHA_PARENTESE
    (25) expr -> . ID ABRE_PARENTESE expr_list FECHA_PARENTESE
    (26) expr -> . ID ABRE_PARENTESE error FECHA_PARENTESE
    (27) expr -> . IF expr THEN expr ELSE expr FI
    (28) expr -> . WHILE expr LOOP expr POOL
    (29) expr -> . ABRE_CHAVES expr_block_list FECHA_CHAVES
    (34) expr -> . LET ID DOISPONTOS TIPO OP_ATRIBUICAO expr expr_id_list IN expr
    (35) expr -> . LET ID DOISPONTOS TIPO expr_id_list IN expr
    (41) expr -> . CASE expr OF expr_case_list ESAC
    (45) expr -> . NEW TIPO
    (46) expr -> . ISVOID expr
    (47) expr -> . NOT expr
    (48) expr -> . expr OP_MAIS expr
    (49) expr -> . expr OP_MENOS expr
    (50) expr -> . expr OP_MULT expr
    (51) expr -> . expr OP_DIV expr
    (52) expr -> . OP_NEGACAO expr
    (53) expr -> . expr OP_MENOR expr
    (54) expr -> . expr OP_MENORIGUAL expr
    (55) expr -> . expr OP_IGUAL expr
    (56) expr -> . ABRE_PARENTESE expr FECHA_PARENTESE
    (57) expr -> . ID
    (58) expr -> . INTEIRO
    (59) expr -> . STRING
    (60) expr -> . TRUE
    (61) expr -> . FALSE
    (62) expr -> . REAL

    ID              shift and go to state 39
    IF              shift and go to state 43
    WHILE           shift and go to state 44
    ABRE_CHAVES     shift and go to state 45
    LET             shift and go to state 46
    CASE            shift and go to state 47
    NEW             shift and go to state 48
    ISVOID          shift and go to state 49
    NOT             shift and go to state 50
    OP_NEGACAO      shift and go to state 51
    ABRE_PARENTESE  shift and go to state 42
    INTEIRO         shift and go to state 52
    STRING          shift and go to state 53
    TRUE            shift and go to state 54
    FALSE           shift and go to state 55
    REAL            shift and go to state 56

    expr                           shift and go to state 81

state 50

    (47) expr -> NOT . expr
    (22) expr -> . ID OP_ATRIBUICAO expr
    (23) expr -> . expr ARROBA TIPO PONTO ID ABRE_PARENTESE expr_list FECHA_PARENTESE
    (24) expr -> . expr PONTO ID ABRE_PARENTESE expr_list FECHA_PARENTESE
    (25) expr -> . ID ABRE_PARENTESE expr_list FECHA_PARENTESE
    (26) expr -> . ID ABRE_PARENTESE error FECHA_PARENTESE
    (27) expr -> . IF expr THEN expr ELSE expr FI
    (28) expr -> . WHILE expr LOOP expr POOL
    (29) expr -> . ABRE_CHAVES expr_block_list FECHA_CHAVES
    (34) expr -> . LET ID DOISPONTOS TIPO OP_ATRIBUICAO expr expr_id_list IN expr
    (35) expr -> . LET ID DOISPONTOS TIPO expr_id_list IN expr
    (41) expr -> . CASE expr OF expr_case_list ESAC
    (45) expr -> . NEW TIPO
    (46) expr -> . ISVOID expr
    (47) expr -> . NOT expr
    (48) expr -> . expr OP_MAIS expr
    (49) expr -> . expr OP_MENOS expr
    (50) expr -> . expr OP_MULT expr
    (51) expr -> . expr OP_DIV expr
    (52) expr -> . OP_NEGACAO expr
    (53) expr -> . expr OP_MENOR expr
    (54) expr -> . expr OP_MENORIGUAL expr
    (55) expr -> . expr OP_IGUAL expr
    (56) expr -> . ABRE_PARENTESE expr FECHA_PARENTESE
    (57) expr -> . ID
    (58) expr -> . INTEIRO
    (59) expr -> . STRING
    (60) expr -> . TRUE
    (61) expr -> . FALSE
    (62) expr -> . REAL

    ID              shift and go to state 39
    IF              shift and go to state 43
    WHILE           shift and go to state 44
    ABRE_CHAVES     shift and go to state 45
    LET             shift and go to state 46
    CASE            shift and go to state 47
    NEW             shift and go to state 48
    ISVOID          shift and go to state 49
    NOT             shift and go to state 50
    OP_NEGACAO      shift and go to state 51
    ABRE_PARENTESE  shift and go to state 42
    INTEIRO         shift and go to state 52
    STRING          shift and go to state 53
    TRUE            shift and go to state 54
    FALSE           shift and go to state 55
    REAL            shift and go to state 56

    expr                           shift and go to state 82

state 51

    (52) expr -> OP_NEGACAO . expr
    (22) expr -> . ID OP_ATRIBUICAO expr
    (23) expr -> . expr ARROBA TIPO PONTO ID ABRE_PARENTESE expr_list FECHA_PARENTESE
    (24) expr -> . expr PONTO ID ABRE_PARENTESE expr_list FECHA_PARENTESE
    (25) expr -> . ID ABRE_PARENTESE expr_list FECHA_PARENTESE
    (26) expr -> . ID ABRE_PARENTESE error FECHA_PARENTESE
    (27) expr -> . IF expr THEN expr ELSE expr FI
    (28) expr -> . WHILE expr LOOP expr POOL
    (29) expr -> . ABRE_CHAVES expr_block_list FECHA_CHAVES
    (34) expr -> . LET ID DOISPONTOS TIPO OP_ATRIBUICAO expr expr_id_list IN expr
    (35) expr -> . LET ID DOISPONTOS TIPO expr_id_list IN expr
    (41) expr -> . CASE expr OF expr_case_list ESAC
    (45) expr -> . NEW TIPO
    (46) expr -> . ISVOID expr
    (47) expr -> . NOT expr
    (48) expr -> . expr OP_MAIS expr
    (49) expr -> . expr OP_MENOS expr
    (50) expr -> . expr OP_MULT expr
    (51) expr -> . expr OP_DIV expr
    (52) expr -> . OP_NEGACAO expr
    (53) expr -> . expr OP_MENOR expr
    (54) expr -> . expr OP_MENORIGUAL expr
    (55) expr -> . expr OP_IGUAL expr
    (56) expr -> . ABRE_PARENTESE expr FECHA_PARENTESE
    (57) expr -> . ID
    (58) expr -> . INTEIRO
    (59) expr -> . STRING
    (60) expr -> . TRUE
    (61) expr -> . FALSE
    (62) expr -> . REAL

    ID              shift and go to state 39
    IF              shift and go to state 43
    WHILE           shift and go to state 44
    ABRE_CHAVES     shift and go to state 45
    LET             shift and go to state 46
    CASE            shift and go to state 47
    NEW             shift and go to state 48
    ISVOID          shift and go to state 49
    NOT             shift and go to state 50
    OP_NEGACAO      shift and go to state 51
    ABRE_PARENTESE  shift and go to state 42
    INTEIRO         shift and go to state 52
    STRING          shift and go to state 53
    TRUE            shift and go to state 54
    FALSE           shift and go to state 55
    REAL            shift and go to state 56

    expr                           shift and go to state 83

state 52

    (58) expr -> INTEIRO .

    PONTOEVIRGULA   reduce using rule 58 (expr -> INTEIRO .)
    ARROBA          reduce using rule 58 (expr -> INTEIRO .)
    PONTO           reduce using rule 58 (expr -> INTEIRO .)
    OP_MAIS         reduce using rule 58 (expr -> INTEIRO .)
    OP_MENOS        reduce using rule 58 (expr -> INTEIRO .)
    OP_MULT         reduce using rule 58 (expr -> INTEIRO .)
    OP_DIV          reduce using rule 58 (expr -> INTEIRO .)
    OP_MENOR        reduce using rule 58 (expr -> INTEIRO .)
    OP_MENORIGUAL   reduce using rule 58 (expr -> INTEIRO .)
    OP_IGUAL        reduce using rule 58 (expr -> INTEIRO .)
    FECHA_PARENTESE reduce using rule 58 (expr -> INTEIRO .)
    THEN            reduce using rule 58 (expr -> INTEIRO .)
    LOOP            reduce using rule 58 (expr -> INTEIRO .)
    OF              reduce using rule 58 (expr -> INTEIRO .)
    VIRGULA         reduce using rule 58 (expr -> INTEIRO .)
    FECHA_CHAVES    reduce using rule 58 (expr -> INTEIRO .)
    ELSE            reduce using rule 58 (expr -> INTEIRO .)
    POOL            reduce using rule 58 (expr -> INTEIRO .)
    FI              reduce using rule 58 (expr -> INTEIRO .)
    error           reduce using rule 58 (expr -> INTEIRO .)
    IN              reduce using rule 58 (expr -> INTEIRO .)


state 53

    (59) expr -> STRING .

    PONTOEVIRGULA   reduce using rule 59 (expr -> STRING .)
    ARROBA          reduce using rule 59 (expr -> STRING .)
    PONTO           reduce using rule 59 (expr -> STRING .)
    OP_MAIS         reduce using rule 59 (expr -> STRING .)
    OP_MENOS        reduce using rule 59 (expr -> STRING .)
    OP_MULT         reduce using rule 59 (expr -> STRING .)
    OP_DIV          reduce using rule 59 (expr -> STRING .)
    OP_MENOR        reduce using rule 59 (expr -> STRING .)
    OP_MENORIGUAL   reduce using rule 59 (expr -> STRING .)
    OP_IGUAL        reduce using rule 59 (expr -> STRING .)
    FECHA_PARENTESE reduce using rule 59 (expr -> STRING .)
    THEN            reduce using rule 59 (expr -> STRING .)
    LOOP            reduce using rule 59 (expr -> STRING .)
    OF              reduce using rule 59 (expr -> STRING .)
    VIRGULA         reduce using rule 59 (expr -> STRING .)
    FECHA_CHAVES    reduce using rule 59 (expr -> STRING .)
    ELSE            reduce using rule 59 (expr -> STRING .)
    POOL            reduce using rule 59 (expr -> STRING .)
    FI              reduce using rule 59 (expr -> STRING .)
    error           reduce using rule 59 (expr -> STRING .)
    IN              reduce using rule 59 (expr -> STRING .)


state 54

    (60) expr -> TRUE .

    PONTOEVIRGULA   reduce using rule 60 (expr -> TRUE .)
    ARROBA          reduce using rule 60 (expr -> TRUE .)
    PONTO           reduce using rule 60 (expr -> TRUE .)
    OP_MAIS         reduce using rule 60 (expr -> TRUE .)
    OP_MENOS        reduce using rule 60 (expr -> TRUE .)
    OP_MULT         reduce using rule 60 (expr -> TRUE .)
    OP_DIV          reduce using rule 60 (expr -> TRUE .)
    OP_MENOR        reduce using rule 60 (expr -> TRUE .)
    OP_MENORIGUAL   reduce using rule 60 (expr -> TRUE .)
    OP_IGUAL        reduce using rule 60 (expr -> TRUE .)
    FECHA_PARENTESE reduce using rule 60 (expr -> TRUE .)
    THEN            reduce using rule 60 (expr -> TRUE .)
    LOOP            reduce using rule 60 (expr -> TRUE .)
    OF              reduce using rule 60 (expr -> TRUE .)
    VIRGULA         reduce using rule 60 (expr -> TRUE .)
    FECHA_CHAVES    reduce using rule 60 (expr -> TRUE .)
    ELSE            reduce using rule 60 (expr -> TRUE .)
    POOL            reduce using rule 60 (expr -> TRUE .)
    FI              reduce using rule 60 (expr -> TRUE .)
    error           reduce using rule 60 (expr -> TRUE .)
    IN              reduce using rule 60 (expr -> TRUE .)


state 55

    (61) expr -> FALSE .

    PONTOEVIRGULA   reduce using rule 61 (expr -> FALSE .)
    ARROBA          reduce using rule 61 (expr -> FALSE .)
    PONTO           reduce using rule 61 (expr -> FALSE .)
    OP_MAIS         reduce using rule 61 (expr -> FALSE .)
    OP_MENOS        reduce using rule 61 (expr -> FALSE .)
    OP_MULT         reduce using rule 61 (expr -> FALSE .)
    OP_DIV          reduce using rule 61 (expr -> FALSE .)
    OP_MENOR        reduce using rule 61 (expr -> FALSE .)
    OP_MENORIGUAL   reduce using rule 61 (expr -> FALSE .)
    OP_IGUAL        reduce using rule 61 (expr -> FALSE .)
    FECHA_PARENTESE reduce using rule 61 (expr -> FALSE .)
    THEN            reduce using rule 61 (expr -> FALSE .)
    LOOP            reduce using rule 61 (expr -> FALSE .)
    OF              reduce using rule 61 (expr -> FALSE .)
    VIRGULA         reduce using rule 61 (expr -> FALSE .)
    FECHA_CHAVES    reduce using rule 61 (expr -> FALSE .)
    ELSE            reduce using rule 61 (expr -> FALSE .)
    POOL            reduce using rule 61 (expr -> FALSE .)
    FI              reduce using rule 61 (expr -> FALSE .)
    error           reduce using rule 61 (expr -> FALSE .)
    IN              reduce using rule 61 (expr -> FALSE .)


state 56

    (62) expr -> REAL .

    PONTOEVIRGULA   reduce using rule 62 (expr -> REAL .)
    ARROBA          reduce using rule 62 (expr -> REAL .)
    PONTO           reduce using rule 62 (expr -> REAL .)
    OP_MAIS         reduce using rule 62 (expr -> REAL .)
    OP_MENOS        reduce using rule 62 (expr -> REAL .)
    OP_MULT         reduce using rule 62 (expr -> REAL .)
    OP_DIV          reduce using rule 62 (expr -> REAL .)
    OP_MENOR        reduce using rule 62 (expr -> REAL .)
    OP_MENORIGUAL   reduce using rule 62 (expr -> REAL .)
    OP_IGUAL        reduce using rule 62 (expr -> REAL .)
    FECHA_PARENTESE reduce using rule 62 (expr -> REAL .)
    THEN            reduce using rule 62 (expr -> REAL .)
    LOOP            reduce using rule 62 (expr -> REAL .)
    OF              reduce using rule 62 (expr -> REAL .)
    VIRGULA         reduce using rule 62 (expr -> REAL .)
    FECHA_CHAVES    reduce using rule 62 (expr -> REAL .)
    ELSE            reduce using rule 62 (expr -> REAL .)
    POOL            reduce using rule 62 (expr -> REAL .)
    FI              reduce using rule 62 (expr -> REAL .)
    error           reduce using rule 62 (expr -> REAL .)
    IN              reduce using rule 62 (expr -> REAL .)


state 57

    (9) feature -> ID ABRE_PARENTESE formal_list FECHA_PARENTESE DOISPONTOS TIPO . ABRE_CHAVES expr FECHA_CHAVES PONTOEVIRGULA

    ABRE_CHAVES     shift and go to state 84


state 58

    (12) feature -> ID ABRE_PARENTESE error FECHA_PARENTESE DOISPONTOS TIPO . ABRE_CHAVES expr FECHA_CHAVES PONTOEVIRGULA

    ABRE_CHAVES     shift and go to state 85


state 59

    (22) expr -> ID OP_ATRIBUICAO . expr
    (22) expr -> . ID OP_ATRIBUICAO expr
    (23) expr -> . expr ARROBA TIPO PONTO ID ABRE_PARENTESE expr_list FECHA_PARENTESE
    (24) expr -> . expr PONTO ID ABRE_PARENTESE expr_list FECHA_PARENTESE
    (25) expr -> . ID ABRE_PARENTESE expr_list FECHA_PARENTESE
    (26) expr -> . ID ABRE_PARENTESE error FECHA_PARENTESE
    (27) expr -> . IF expr THEN expr ELSE expr FI
    (28) expr -> . WHILE expr LOOP expr POOL
    (29) expr -> . ABRE_CHAVES expr_block_list FECHA_CHAVES
    (34) expr -> . LET ID DOISPONTOS TIPO OP_ATRIBUICAO expr expr_id_list IN expr
    (35) expr -> . LET ID DOISPONTOS TIPO expr_id_list IN expr
    (41) expr -> . CASE expr OF expr_case_list ESAC
    (45) expr -> . NEW TIPO
    (46) expr -> . ISVOID expr
    (47) expr -> . NOT expr
    (48) expr -> . expr OP_MAIS expr
    (49) expr -> . expr OP_MENOS expr
    (50) expr -> . expr OP_MULT expr
    (51) expr -> . expr OP_DIV expr
    (52) expr -> . OP_NEGACAO expr
    (53) expr -> . expr OP_MENOR expr
    (54) expr -> . expr OP_MENORIGUAL expr
    (55) expr -> . expr OP_IGUAL expr
    (56) expr -> . ABRE_PARENTESE expr FECHA_PARENTESE
    (57) expr -> . ID
    (58) expr -> . INTEIRO
    (59) expr -> . STRING
    (60) expr -> . TRUE
    (61) expr -> . FALSE
    (62) expr -> . REAL

    ID              shift and go to state 39
    IF              shift and go to state 43
    WHILE           shift and go to state 44
    ABRE_CHAVES     shift and go to state 45
    LET             shift and go to state 46
    CASE            shift and go to state 47
    NEW             shift and go to state 48
    ISVOID          shift and go to state 49
    NOT             shift and go to state 50
    OP_NEGACAO      shift and go to state 51
    ABRE_PARENTESE  shift and go to state 42
    INTEIRO         shift and go to state 52
    STRING          shift and go to state 53
    TRUE            shift and go to state 54
    FALSE           shift and go to state 55
    REAL            shift and go to state 56

    expr                           shift and go to state 86

state 60

    (25) expr -> ID ABRE_PARENTESE . expr_list FECHA_PARENTESE
    (26) expr -> ID ABRE_PARENTESE . error FECHA_PARENTESE
    (18) expr_list -> . expr_list VIRGULA expr
    (19) expr_list -> . expr
    (20) expr_list -> . epsilon
    (21) expr_list -> . expr_list VIRGULA error
    (22) expr -> . ID OP_ATRIBUICAO expr
    (23) expr -> . expr ARROBA TIPO PONTO ID ABRE_PARENTESE expr_list FECHA_PARENTESE
    (24) expr -> . expr PONTO ID ABRE_PARENTESE expr_list FECHA_PARENTESE
    (25) expr -> . ID ABRE_PARENTESE expr_list FECHA_PARENTESE
    (26) expr -> . ID ABRE_PARENTESE error FECHA_PARENTESE
    (27) expr -> . IF expr THEN expr ELSE expr FI
    (28) expr -> . WHILE expr LOOP expr POOL
    (29) expr -> . ABRE_CHAVES expr_block_list FECHA_CHAVES
    (34) expr -> . LET ID DOISPONTOS TIPO OP_ATRIBUICAO expr expr_id_list IN expr
    (35) expr -> . LET ID DOISPONTOS TIPO expr_id_list IN expr
    (41) expr -> . CASE expr OF expr_case_list ESAC
    (45) expr -> . NEW TIPO
    (46) expr -> . ISVOID expr
    (47) expr -> . NOT expr
    (48) expr -> . expr OP_MAIS expr
    (49) expr -> . expr OP_MENOS expr
    (50) expr -> . expr OP_MULT expr
    (51) expr -> . expr OP_DIV expr
    (52) expr -> . OP_NEGACAO expr
    (53) expr -> . expr OP_MENOR expr
    (54) expr -> . expr OP_MENORIGUAL expr
    (55) expr -> . expr OP_IGUAL expr
    (56) expr -> . ABRE_PARENTESE expr FECHA_PARENTESE
    (57) expr -> . ID
    (58) expr -> . INTEIRO
    (59) expr -> . STRING
    (60) expr -> . TRUE
    (61) expr -> . FALSE
    (62) expr -> . REAL
    (63) epsilon -> .

    error           shift and go to state 88
    ID              shift and go to state 39
    IF              shift and go to state 43
    WHILE           shift and go to state 44
    ABRE_CHAVES     shift and go to state 45
    LET             shift and go to state 46
    CASE            shift and go to state 47
    NEW             shift and go to state 48
    ISVOID          shift and go to state 49
    NOT             shift and go to state 50
    OP_NEGACAO      shift and go to state 51
    ABRE_PARENTESE  shift and go to state 42
    INTEIRO         shift and go to state 52
    STRING          shift and go to state 53
    TRUE            shift and go to state 54
    FALSE           shift and go to state 55
    REAL            shift and go to state 56
    FECHA_PARENTESE reduce using rule 63 (epsilon -> .)
    VIRGULA         reduce using rule 63 (epsilon -> .)

    expr_list                      shift and go to state 87
    expr                           shift and go to state 89
    epsilon                        shift and go to state 90

state 61

    (10) feature -> ID DOISPONTOS TIPO OP_ATRIBUICAO expr PONTOEVIRGULA .

    FECHA_CHAVES    reduce using rule 10 (feature -> ID DOISPONTOS TIPO OP_ATRIBUICAO expr PONTOEVIRGULA .)
    ID              reduce using rule 10 (feature -> ID DOISPONTOS TIPO OP_ATRIBUICAO expr PONTOEVIRGULA .)


state 62

    (23) expr -> expr ARROBA . TIPO PONTO ID ABRE_PARENTESE expr_list FECHA_PARENTESE

    TIPO            shift and go to state 91


state 63

    (24) expr -> expr PONTO . ID ABRE_PARENTESE expr_list FECHA_PARENTESE

    ID              shift and go to state 92


state 64

    (48) expr -> expr OP_MAIS . expr
    (22) expr -> . ID OP_ATRIBUICAO expr
    (23) expr -> . expr ARROBA TIPO PONTO ID ABRE_PARENTESE expr_list FECHA_PARENTESE
    (24) expr -> . expr PONTO ID ABRE_PARENTESE expr_list FECHA_PARENTESE
    (25) expr -> . ID ABRE_PARENTESE expr_list FECHA_PARENTESE
    (26) expr -> . ID ABRE_PARENTESE error FECHA_PARENTESE
    (27) expr -> . IF expr THEN expr ELSE expr FI
    (28) expr -> . WHILE expr LOOP expr POOL
    (29) expr -> . ABRE_CHAVES expr_block_list FECHA_CHAVES
    (34) expr -> . LET ID DOISPONTOS TIPO OP_ATRIBUICAO expr expr_id_list IN expr
    (35) expr -> . LET ID DOISPONTOS TIPO expr_id_list IN expr
    (41) expr -> . CASE expr OF expr_case_list ESAC
    (45) expr -> . NEW TIPO
    (46) expr -> . ISVOID expr
    (47) expr -> . NOT expr
    (48) expr -> . expr OP_MAIS expr
    (49) expr -> . expr OP_MENOS expr
    (50) expr -> . expr OP_MULT expr
    (51) expr -> . expr OP_DIV expr
    (52) expr -> . OP_NEGACAO expr
    (53) expr -> . expr OP_MENOR expr
    (54) expr -> . expr OP_MENORIGUAL expr
    (55) expr -> . expr OP_IGUAL expr
    (56) expr -> . ABRE_PARENTESE expr FECHA_PARENTESE
    (57) expr -> . ID
    (58) expr -> . INTEIRO
    (59) expr -> . STRING
    (60) expr -> . TRUE
    (61) expr -> . FALSE
    (62) expr -> . REAL

    ID              shift and go to state 39
    IF              shift and go to state 43
    WHILE           shift and go to state 44
    ABRE_CHAVES     shift and go to state 45
    LET             shift and go to state 46
    CASE            shift and go to state 47
    NEW             shift and go to state 48
    ISVOID          shift and go to state 49
    NOT             shift and go to state 50
    OP_NEGACAO      shift and go to state 51
    ABRE_PARENTESE  shift and go to state 42
    INTEIRO         shift and go to state 52
    STRING          shift and go to state 53
    TRUE            shift and go to state 54
    FALSE           shift and go to state 55
    REAL            shift and go to state 56

    expr                           shift and go to state 93

state 65

    (49) expr -> expr OP_MENOS . expr
    (22) expr -> . ID OP_ATRIBUICAO expr
    (23) expr -> . expr ARROBA TIPO PONTO ID ABRE_PARENTESE expr_list FECHA_PARENTESE
    (24) expr -> . expr PONTO ID ABRE_PARENTESE expr_list FECHA_PARENTESE
    (25) expr -> . ID ABRE_PARENTESE expr_list FECHA_PARENTESE
    (26) expr -> . ID ABRE_PARENTESE error FECHA_PARENTESE
    (27) expr -> . IF expr THEN expr ELSE expr FI
    (28) expr -> . WHILE expr LOOP expr POOL
    (29) expr -> . ABRE_CHAVES expr_block_list FECHA_CHAVES
    (34) expr -> . LET ID DOISPONTOS TIPO OP_ATRIBUICAO expr expr_id_list IN expr
    (35) expr -> . LET ID DOISPONTOS TIPO expr_id_list IN expr
    (41) expr -> . CASE expr OF expr_case_list ESAC
    (45) expr -> . NEW TIPO
    (46) expr -> . ISVOID expr
    (47) expr -> . NOT expr
    (48) expr -> . expr OP_MAIS expr
    (49) expr -> . expr OP_MENOS expr
    (50) expr -> . expr OP_MULT expr
    (51) expr -> . expr OP_DIV expr
    (52) expr -> . OP_NEGACAO expr
    (53) expr -> . expr OP_MENOR expr
    (54) expr -> . expr OP_MENORIGUAL expr
    (55) expr -> . expr OP_IGUAL expr
    (56) expr -> . ABRE_PARENTESE expr FECHA_PARENTESE
    (57) expr -> . ID
    (58) expr -> . INTEIRO
    (59) expr -> . STRING
    (60) expr -> . TRUE
    (61) expr -> . FALSE
    (62) expr -> . REAL

    ID              shift and go to state 39
    IF              shift and go to state 43
    WHILE           shift and go to state 44
    ABRE_CHAVES     shift and go to state 45
    LET             shift and go to state 46
    CASE            shift and go to state 47
    NEW             shift and go to state 48
    ISVOID          shift and go to state 49
    NOT             shift and go to state 50
    OP_NEGACAO      shift and go to state 51
    ABRE_PARENTESE  shift and go to state 42
    INTEIRO         shift and go to state 52
    STRING          shift and go to state 53
    TRUE            shift and go to state 54
    FALSE           shift and go to state 55
    REAL            shift and go to state 56

    expr                           shift and go to state 94

state 66

    (50) expr -> expr OP_MULT . expr
    (22) expr -> . ID OP_ATRIBUICAO expr
    (23) expr -> . expr ARROBA TIPO PONTO ID ABRE_PARENTESE expr_list FECHA_PARENTESE
    (24) expr -> . expr PONTO ID ABRE_PARENTESE expr_list FECHA_PARENTESE
    (25) expr -> . ID ABRE_PARENTESE expr_list FECHA_PARENTESE
    (26) expr -> . ID ABRE_PARENTESE error FECHA_PARENTESE
    (27) expr -> . IF expr THEN expr ELSE expr FI
    (28) expr -> . WHILE expr LOOP expr POOL
    (29) expr -> . ABRE_CHAVES expr_block_list FECHA_CHAVES
    (34) expr -> . LET ID DOISPONTOS TIPO OP_ATRIBUICAO expr expr_id_list IN expr
    (35) expr -> . LET ID DOISPONTOS TIPO expr_id_list IN expr
    (41) expr -> . CASE expr OF expr_case_list ESAC
    (45) expr -> . NEW TIPO
    (46) expr -> . ISVOID expr
    (47) expr -> . NOT expr
    (48) expr -> . expr OP_MAIS expr
    (49) expr -> . expr OP_MENOS expr
    (50) expr -> . expr OP_MULT expr
    (51) expr -> . expr OP_DIV expr
    (52) expr -> . OP_NEGACAO expr
    (53) expr -> . expr OP_MENOR expr
    (54) expr -> . expr OP_MENORIGUAL expr
    (55) expr -> . expr OP_IGUAL expr
    (56) expr -> . ABRE_PARENTESE expr FECHA_PARENTESE
    (57) expr -> . ID
    (58) expr -> . INTEIRO
    (59) expr -> . STRING
    (60) expr -> . TRUE
    (61) expr -> . FALSE
    (62) expr -> . REAL

    ID              shift and go to state 39
    IF              shift and go to state 43
    WHILE           shift and go to state 44
    ABRE_CHAVES     shift and go to state 45
    LET             shift and go to state 46
    CASE            shift and go to state 47
    NEW             shift and go to state 48
    ISVOID          shift and go to state 49
    NOT             shift and go to state 50
    OP_NEGACAO      shift and go to state 51
    ABRE_PARENTESE  shift and go to state 42
    INTEIRO         shift and go to state 52
    STRING          shift and go to state 53
    TRUE            shift and go to state 54
    FALSE           shift and go to state 55
    REAL            shift and go to state 56

    expr                           shift and go to state 95

state 67

    (51) expr -> expr OP_DIV . expr
    (22) expr -> . ID OP_ATRIBUICAO expr
    (23) expr -> . expr ARROBA TIPO PONTO ID ABRE_PARENTESE expr_list FECHA_PARENTESE
    (24) expr -> . expr PONTO ID ABRE_PARENTESE expr_list FECHA_PARENTESE
    (25) expr -> . ID ABRE_PARENTESE expr_list FECHA_PARENTESE
    (26) expr -> . ID ABRE_PARENTESE error FECHA_PARENTESE
    (27) expr -> . IF expr THEN expr ELSE expr FI
    (28) expr -> . WHILE expr LOOP expr POOL
    (29) expr -> . ABRE_CHAVES expr_block_list FECHA_CHAVES
    (34) expr -> . LET ID DOISPONTOS TIPO OP_ATRIBUICAO expr expr_id_list IN expr
    (35) expr -> . LET ID DOISPONTOS TIPO expr_id_list IN expr
    (41) expr -> . CASE expr OF expr_case_list ESAC
    (45) expr -> . NEW TIPO
    (46) expr -> . ISVOID expr
    (47) expr -> . NOT expr
    (48) expr -> . expr OP_MAIS expr
    (49) expr -> . expr OP_MENOS expr
    (50) expr -> . expr OP_MULT expr
    (51) expr -> . expr OP_DIV expr
    (52) expr -> . OP_NEGACAO expr
    (53) expr -> . expr OP_MENOR expr
    (54) expr -> . expr OP_MENORIGUAL expr
    (55) expr -> . expr OP_IGUAL expr
    (56) expr -> . ABRE_PARENTESE expr FECHA_PARENTESE
    (57) expr -> . ID
    (58) expr -> . INTEIRO
    (59) expr -> . STRING
    (60) expr -> . TRUE
    (61) expr -> . FALSE
    (62) expr -> . REAL

    ID              shift and go to state 39
    IF              shift and go to state 43
    WHILE           shift and go to state 44
    ABRE_CHAVES     shift and go to state 45
    LET             shift and go to state 46
    CASE            shift and go to state 47
    NEW             shift and go to state 48
    ISVOID          shift and go to state 49
    NOT             shift and go to state 50
    OP_NEGACAO      shift and go to state 51
    ABRE_PARENTESE  shift and go to state 42
    INTEIRO         shift and go to state 52
    STRING          shift and go to state 53
    TRUE            shift and go to state 54
    FALSE           shift and go to state 55
    REAL            shift and go to state 56

    expr                           shift and go to state 96

state 68

    (53) expr -> expr OP_MENOR . expr
    (22) expr -> . ID OP_ATRIBUICAO expr
    (23) expr -> . expr ARROBA TIPO PONTO ID ABRE_PARENTESE expr_list FECHA_PARENTESE
    (24) expr -> . expr PONTO ID ABRE_PARENTESE expr_list FECHA_PARENTESE
    (25) expr -> . ID ABRE_PARENTESE expr_list FECHA_PARENTESE
    (26) expr -> . ID ABRE_PARENTESE error FECHA_PARENTESE
    (27) expr -> . IF expr THEN expr ELSE expr FI
    (28) expr -> . WHILE expr LOOP expr POOL
    (29) expr -> . ABRE_CHAVES expr_block_list FECHA_CHAVES
    (34) expr -> . LET ID DOISPONTOS TIPO OP_ATRIBUICAO expr expr_id_list IN expr
    (35) expr -> . LET ID DOISPONTOS TIPO expr_id_list IN expr
    (41) expr -> . CASE expr OF expr_case_list ESAC
    (45) expr -> . NEW TIPO
    (46) expr -> . ISVOID expr
    (47) expr -> . NOT expr
    (48) expr -> . expr OP_MAIS expr
    (49) expr -> . expr OP_MENOS expr
    (50) expr -> . expr OP_MULT expr
    (51) expr -> . expr OP_DIV expr
    (52) expr -> . OP_NEGACAO expr
    (53) expr -> . expr OP_MENOR expr
    (54) expr -> . expr OP_MENORIGUAL expr
    (55) expr -> . expr OP_IGUAL expr
    (56) expr -> . ABRE_PARENTESE expr FECHA_PARENTESE
    (57) expr -> . ID
    (58) expr -> . INTEIRO
    (59) expr -> . STRING
    (60) expr -> . TRUE
    (61) expr -> . FALSE
    (62) expr -> . REAL

    ID              shift and go to state 39
    IF              shift and go to state 43
    WHILE           shift and go to state 44
    ABRE_CHAVES     shift and go to state 45
    LET             shift and go to state 46
    CASE            shift and go to state 47
    NEW             shift and go to state 48
    ISVOID          shift and go to state 49
    NOT             shift and go to state 50
    OP_NEGACAO      shift and go to state 51
    ABRE_PARENTESE  shift and go to state 42
    INTEIRO         shift and go to state 52
    STRING          shift and go to state 53
    TRUE            shift and go to state 54
    FALSE           shift and go to state 55
    REAL            shift and go to state 56

    expr                           shift and go to state 97

state 69

    (54) expr -> expr OP_MENORIGUAL . expr
    (22) expr -> . ID OP_ATRIBUICAO expr
    (23) expr -> . expr ARROBA TIPO PONTO ID ABRE_PARENTESE expr_list FECHA_PARENTESE
    (24) expr -> . expr PONTO ID ABRE_PARENTESE expr_list FECHA_PARENTESE
    (25) expr -> . ID ABRE_PARENTESE expr_list FECHA_PARENTESE
    (26) expr -> . ID ABRE_PARENTESE error FECHA_PARENTESE
    (27) expr -> . IF expr THEN expr ELSE expr FI
    (28) expr -> . WHILE expr LOOP expr POOL
    (29) expr -> . ABRE_CHAVES expr_block_list FECHA_CHAVES
    (34) expr -> . LET ID DOISPONTOS TIPO OP_ATRIBUICAO expr expr_id_list IN expr
    (35) expr -> . LET ID DOISPONTOS TIPO expr_id_list IN expr
    (41) expr -> . CASE expr OF expr_case_list ESAC
    (45) expr -> . NEW TIPO
    (46) expr -> . ISVOID expr
    (47) expr -> . NOT expr
    (48) expr -> . expr OP_MAIS expr
    (49) expr -> . expr OP_MENOS expr
    (50) expr -> . expr OP_MULT expr
    (51) expr -> . expr OP_DIV expr
    (52) expr -> . OP_NEGACAO expr
    (53) expr -> . expr OP_MENOR expr
    (54) expr -> . expr OP_MENORIGUAL expr
    (55) expr -> . expr OP_IGUAL expr
    (56) expr -> . ABRE_PARENTESE expr FECHA_PARENTESE
    (57) expr -> . ID
    (58) expr -> . INTEIRO
    (59) expr -> . STRING
    (60) expr -> . TRUE
    (61) expr -> . FALSE
    (62) expr -> . REAL

    ID              shift and go to state 39
    IF              shift and go to state 43
    WHILE           shift and go to state 44
    ABRE_CHAVES     shift and go to state 45
    LET             shift and go to state 46
    CASE            shift and go to state 47
    NEW             shift and go to state 48
    ISVOID          shift and go to state 49
    NOT             shift and go to state 50
    OP_NEGACAO      shift and go to state 51
    ABRE_PARENTESE  shift and go to state 42
    INTEIRO         shift and go to state 52
    STRING          shift and go to state 53
    TRUE            shift and go to state 54
    FALSE           shift and go to state 55
    REAL            shift and go to state 56

    expr                           shift and go to state 98

state 70

    (55) expr -> expr OP_IGUAL . expr
    (22) expr -> . ID OP_ATRIBUICAO expr
    (23) expr -> . expr ARROBA TIPO PONTO ID ABRE_PARENTESE expr_list FECHA_PARENTESE
    (24) expr -> . expr PONTO ID ABRE_PARENTESE expr_list FECHA_PARENTESE
    (25) expr -> . ID ABRE_PARENTESE expr_list FECHA_PARENTESE
    (26) expr -> . ID ABRE_PARENTESE error FECHA_PARENTESE
    (27) expr -> . IF expr THEN expr ELSE expr FI
    (28) expr -> . WHILE expr LOOP expr POOL
    (29) expr -> . ABRE_CHAVES expr_block_list FECHA_CHAVES
    (34) expr -> . LET ID DOISPONTOS TIPO OP_ATRIBUICAO expr expr_id_list IN expr
    (35) expr -> . LET ID DOISPONTOS TIPO expr_id_list IN expr
    (41) expr -> . CASE expr OF expr_case_list ESAC
    (45) expr -> . NEW TIPO
    (46) expr -> . ISVOID expr
    (47) expr -> . NOT expr
    (48) expr -> . expr OP_MAIS expr
    (49) expr -> . expr OP_MENOS expr
    (50) expr -> . expr OP_MULT expr
    (51) expr -> . expr OP_DIV expr
    (52) expr -> . OP_NEGACAO expr
    (53) expr -> . expr OP_MENOR expr
    (54) expr -> . expr OP_MENORIGUAL expr
    (55) expr -> . expr OP_IGUAL expr
    (56) expr -> . ABRE_PARENTESE expr FECHA_PARENTESE
    (57) expr -> . ID
    (58) expr -> . INTEIRO
    (59) expr -> . STRING
    (60) expr -> . TRUE
    (61) expr -> . FALSE
    (62) expr -> . REAL

    ID              shift and go to state 39
    IF              shift and go to state 43
    WHILE           shift and go to state 44
    ABRE_CHAVES     shift and go to state 45
    LET             shift and go to state 46
    CASE            shift and go to state 47
    NEW             shift and go to state 48
    ISVOID          shift and go to state 49
    NOT             shift and go to state 50
    OP_NEGACAO      shift and go to state 51
    ABRE_PARENTESE  shift and go to state 42
    INTEIRO         shift and go to state 52
    STRING          shift and go to state 53
    TRUE            shift and go to state 54
    FALSE           shift and go to state 55
    REAL            shift and go to state 56

    expr                           shift and go to state 99

state 71

    (13) feature -> ID DOISPONTOS TIPO OP_ATRIBUICAO error PONTOEVIRGULA .

    FECHA_CHAVES    reduce using rule 13 (feature -> ID DOISPONTOS TIPO OP_ATRIBUICAO error PONTOEVIRGULA .)
    ID              reduce using rule 13 (feature -> ID DOISPONTOS TIPO OP_ATRIBUICAO error PONTOEVIRGULA .)


state 72

    (56) expr -> ABRE_PARENTESE expr . FECHA_PARENTESE
    (23) expr -> expr . ARROBA TIPO PONTO ID ABRE_PARENTESE expr_list FECHA_PARENTESE
    (24) expr -> expr . PONTO ID ABRE_PARENTESE expr_list FECHA_PARENTESE
    (48) expr -> expr . OP_MAIS expr
    (49) expr -> expr . OP_MENOS expr
    (50) expr -> expr . OP_MULT expr
    (51) expr -> expr . OP_DIV expr
    (53) expr -> expr . OP_MENOR expr
    (54) expr -> expr . OP_MENORIGUAL expr
    (55) expr -> expr . OP_IGUAL expr

    FECHA_PARENTESE shift and go to state 100
    ARROBA          shift and go to state 62
    PONTO           shift and go to state 63
    OP_MAIS         shift and go to state 64
    OP_MENOS        shift and go to state 65
    OP_MULT         shift and go to state 66
    OP_DIV          shift and go to state 67
    OP_MENOR        shift and go to state 68
    OP_MENORIGUAL   shift and go to state 69
    OP_IGUAL        shift and go to state 70


state 73

    (27) expr -> IF expr . THEN expr ELSE expr FI
    (23) expr -> expr . ARROBA TIPO PONTO ID ABRE_PARENTESE expr_list FECHA_PARENTESE
    (24) expr -> expr . PONTO ID ABRE_PARENTESE expr_list FECHA_PARENTESE
    (48) expr -> expr . OP_MAIS expr
    (49) expr -> expr . OP_MENOS expr
    (50) expr -> expr . OP_MULT expr
    (51) expr -> expr . OP_DIV expr
    (53) expr -> expr . OP_MENOR expr
    (54) expr -> expr . OP_MENORIGUAL expr
    (55) expr -> expr . OP_IGUAL expr

    THEN            shift and go to state 101
    ARROBA          shift and go to state 62
    PONTO           shift and go to state 63
    OP_MAIS         shift and go to state 64
    OP_MENOS        shift and go to state 65
    OP_MULT         shift and go to state 66
    OP_DIV          shift and go to state 67
    OP_MENOR        shift and go to state 68
    OP_MENORIGUAL   shift and go to state 69
    OP_IGUAL        shift and go to state 70


state 74

    (28) expr -> WHILE expr . LOOP expr POOL
    (23) expr -> expr . ARROBA TIPO PONTO ID ABRE_PARENTESE expr_list FECHA_PARENTESE
    (24) expr -> expr . PONTO ID ABRE_PARENTESE expr_list FECHA_PARENTESE
    (48) expr -> expr . OP_MAIS expr
    (49) expr -> expr . OP_MENOS expr
    (50) expr -> expr . OP_MULT expr
    (51) expr -> expr . OP_DIV expr
    (53) expr -> expr . OP_MENOR expr
    (54) expr -> expr . OP_MENORIGUAL expr
    (55) expr -> expr . OP_IGUAL expr

    LOOP            shift and go to state 102
    ARROBA          shift and go to state 62
    PONTO           shift and go to state 63
    OP_MAIS         shift and go to state 64
    OP_MENOS        shift and go to state 65
    OP_MULT         shift and go to state 66
    OP_DIV          shift and go to state 67
    OP_MENOR        shift and go to state 68
    OP_MENORIGUAL   shift and go to state 69
    OP_IGUAL        shift and go to state 70


state 75

    (29) expr -> ABRE_CHAVES expr_block_list . FECHA_CHAVES
    (30) expr_block_list -> expr_block_list . expr PONTOEVIRGULA
    (32) expr_block_list -> expr_block_list . error PONTOEVIRGULA
    (22) expr -> . ID OP_ATRIBUICAO expr
    (23) expr -> . expr ARROBA TIPO PONTO ID ABRE_PARENTESE expr_list FECHA_PARENTESE
    (24) expr -> . expr PONTO ID ABRE_PARENTESE expr_list FECHA_PARENTESE
    (25) expr -> . ID ABRE_PARENTESE expr_list FECHA_PARENTESE
    (26) expr -> . ID ABRE_PARENTESE error FECHA_PARENTESE
    (27) expr -> . IF expr THEN expr ELSE expr FI
    (28) expr -> . WHILE expr LOOP expr POOL
    (29) expr -> . ABRE_CHAVES expr_block_list FECHA_CHAVES
    (34) expr -> . LET ID DOISPONTOS TIPO OP_ATRIBUICAO expr expr_id_list IN expr
    (35) expr -> . LET ID DOISPONTOS TIPO expr_id_list IN expr
    (41) expr -> . CASE expr OF expr_case_list ESAC
    (45) expr -> . NEW TIPO
    (46) expr -> . ISVOID expr
    (47) expr -> . NOT expr
    (48) expr -> . expr OP_MAIS expr
    (49) expr -> . expr OP_MENOS expr
    (50) expr -> . expr OP_MULT expr
    (51) expr -> . expr OP_DIV expr
    (52) expr -> . OP_NEGACAO expr
    (53) expr -> . expr OP_MENOR expr
    (54) expr -> . expr OP_MENORIGUAL expr
    (55) expr -> . expr OP_IGUAL expr
    (56) expr -> . ABRE_PARENTESE expr FECHA_PARENTESE
    (57) expr -> . ID
    (58) expr -> . INTEIRO
    (59) expr -> . STRING
    (60) expr -> . TRUE
    (61) expr -> . FALSE
    (62) expr -> . REAL

    FECHA_CHAVES    shift and go to state 103
    error           shift and go to state 105
    ID              shift and go to state 39
    IF              shift and go to state 43
    WHILE           shift and go to state 44
    ABRE_CHAVES     shift and go to state 45
    LET             shift and go to state 46
    CASE            shift and go to state 47
    NEW             shift and go to state 48
    ISVOID          shift and go to state 49
    NOT             shift and go to state 50
    OP_NEGACAO      shift and go to state 51
    ABRE_PARENTESE  shift and go to state 42
    INTEIRO         shift and go to state 52
    STRING          shift and go to state 53
    TRUE            shift and go to state 54
    FALSE           shift and go to state 55
    REAL            shift and go to state 56

    expr                           shift and go to state 104

state 76

    (31) expr_block_list -> expr . PONTOEVIRGULA
    (23) expr -> expr . ARROBA TIPO PONTO ID ABRE_PARENTESE expr_list FECHA_PARENTESE
    (24) expr -> expr . PONTO ID ABRE_PARENTESE expr_list FECHA_PARENTESE
    (48) expr -> expr . OP_MAIS expr
    (49) expr -> expr . OP_MENOS expr
    (50) expr -> expr . OP_MULT expr
    (51) expr -> expr . OP_DIV expr
    (53) expr -> expr . OP_MENOR expr
    (54) expr -> expr . OP_MENORIGUAL expr
    (55) expr -> expr . OP_IGUAL expr

    PONTOEVIRGULA   shift and go to state 106
    ARROBA          shift and go to state 62
    PONTO           shift and go to state 63
    OP_MAIS         shift and go to state 64
    OP_MENOS        shift and go to state 65
    OP_MULT         shift and go to state 66
    OP_DIV          shift and go to state 67
    OP_MENOR        shift and go to state 68
    OP_MENORIGUAL   shift and go to state 69
    OP_IGUAL        shift and go to state 70


state 77

    (33) expr_block_list -> error . PONTOEVIRGULA

    PONTOEVIRGULA   shift and go to state 107


state 78

    (34) expr -> LET ID . DOISPONTOS TIPO OP_ATRIBUICAO expr expr_id_list IN expr
    (35) expr -> LET ID . DOISPONTOS TIPO expr_id_list IN expr

    DOISPONTOS      shift and go to state 108


state 79

    (41) expr -> CASE expr . OF expr_case_list ESAC
    (23) expr -> expr . ARROBA TIPO PONTO ID ABRE_PARENTESE expr_list FECHA_PARENTESE
    (24) expr -> expr . PONTO ID ABRE_PARENTESE expr_list FECHA_PARENTESE
    (48) expr -> expr . OP_MAIS expr
    (49) expr -> expr . OP_MENOS expr
    (50) expr -> expr . OP_MULT expr
    (51) expr -> expr . OP_DIV expr
    (53) expr -> expr . OP_MENOR expr
    (54) expr -> expr . OP_MENORIGUAL expr
    (55) expr -> expr . OP_IGUAL expr

    OF              shift and go to state 109
    ARROBA          shift and go to state 62
    PONTO           shift and go to state 63
    OP_MAIS         shift and go to state 64
    OP_MENOS        shift and go to state 65
    OP_MULT         shift and go to state 66
    OP_DIV          shift and go to state 67
    OP_MENOR        shift and go to state 68
    OP_MENORIGUAL   shift and go to state 69
    OP_IGUAL        shift and go to state 70


state 80

    (45) expr -> NEW TIPO .

    PONTOEVIRGULA   reduce using rule 45 (expr -> NEW TIPO .)
    ARROBA          reduce using rule 45 (expr -> NEW TIPO .)
    PONTO           reduce using rule 45 (expr -> NEW TIPO .)
    OP_MAIS         reduce using rule 45 (expr -> NEW TIPO .)
    OP_MENOS        reduce using rule 45 (expr -> NEW TIPO .)
    OP_MULT         reduce using rule 45 (expr -> NEW TIPO .)
    OP_DIV          reduce using rule 45 (expr -> NEW TIPO .)
    OP_MENOR        reduce using rule 45 (expr -> NEW TIPO .)
    OP_MENORIGUAL   reduce using rule 45 (expr -> NEW TIPO .)
    OP_IGUAL        reduce using rule 45 (expr -> NEW TIPO .)
    FECHA_PARENTESE reduce using rule 45 (expr -> NEW TIPO .)
    THEN            reduce using rule 45 (expr -> NEW TIPO .)
    LOOP            reduce using rule 45 (expr -> NEW TIPO .)
    OF              reduce using rule 45 (expr -> NEW TIPO .)
    VIRGULA         reduce using rule 45 (expr -> NEW TIPO .)
    FECHA_CHAVES    reduce using rule 45 (expr -> NEW TIPO .)
    ELSE            reduce using rule 45 (expr -> NEW TIPO .)
    POOL            reduce using rule 45 (expr -> NEW TIPO .)
    FI              reduce using rule 45 (expr -> NEW TIPO .)
    error           reduce using rule 45 (expr -> NEW TIPO .)
    IN              reduce using rule 45 (expr -> NEW TIPO .)


state 81

    (46) expr -> ISVOID expr .
    (23) expr -> expr . ARROBA TIPO PONTO ID ABRE_PARENTESE expr_list FECHA_PARENTESE
    (24) expr -> expr . PONTO ID ABRE_PARENTESE expr_list FECHA_PARENTESE
    (48) expr -> expr . OP_MAIS expr
    (49) expr -> expr . OP_MENOS expr
    (50) expr -> expr . OP_MULT expr
    (51) expr -> expr . OP_DIV expr
    (53) expr -> expr . OP_MENOR expr
    (54) expr -> expr . OP_MENORIGUAL expr
    (55) expr -> expr . OP_IGUAL expr

  ! shift/reduce conflict for ARROBA resolved as shift
  ! shift/reduce conflict for PONTO resolved as shift
  ! shift/reduce conflict for OP_MAIS resolved as shift
  ! shift/reduce conflict for OP_MENOS resolved as shift
  ! shift/reduce conflict for OP_MULT resolved as shift
  ! shift/reduce conflict for OP_DIV resolved as shift
  ! shift/reduce conflict for OP_MENOR resolved as shift
  ! shift/reduce conflict for OP_MENORIGUAL resolved as shift
  ! shift/reduce conflict for OP_IGUAL resolved as shift
    PONTOEVIRGULA   reduce using rule 46 (expr -> ISVOID expr .)
    FECHA_PARENTESE reduce using rule 46 (expr -> ISVOID expr .)
    THEN            reduce using rule 46 (expr -> ISVOID expr .)
    LOOP            reduce using rule 46 (expr -> ISVOID expr .)
    OF              reduce using rule 46 (expr -> ISVOID expr .)
    VIRGULA         reduce using rule 46 (expr -> ISVOID expr .)
    FECHA_CHAVES    reduce using rule 46 (expr -> ISVOID expr .)
    ELSE            reduce using rule 46 (expr -> ISVOID expr .)
    POOL            reduce using rule 46 (expr -> ISVOID expr .)
    FI              reduce using rule 46 (expr -> ISVOID expr .)
    error           reduce using rule 46 (expr -> ISVOID expr .)
    IN              reduce using rule 46 (expr -> ISVOID expr .)
    ARROBA          shift and go to state 62
    PONTO           shift and go to state 63
    OP_MAIS         shift and go to state 64
    OP_MENOS        shift and go to state 65
    OP_MULT         shift and go to state 66
    OP_DIV          shift and go to state 67
    OP_MENOR        shift and go to state 68
    OP_MENORIGUAL   shift and go to state 69
    OP_IGUAL        shift and go to state 70

  ! ARROBA          [ reduce using rule 46 (expr -> ISVOID expr .) ]
  ! PONTO           [ reduce using rule 46 (expr -> ISVOID expr .) ]
  ! OP_MAIS         [ reduce using rule 46 (expr -> ISVOID expr .) ]
  ! OP_MENOS        [ reduce using rule 46 (expr -> ISVOID expr .) ]
  ! OP_MULT         [ reduce using rule 46 (expr -> ISVOID expr .) ]
  ! OP_DIV          [ reduce using rule 46 (expr -> ISVOID expr .) ]
  ! OP_MENOR        [ reduce using rule 46 (expr -> ISVOID expr .) ]
  ! OP_MENORIGUAL   [ reduce using rule 46 (expr -> ISVOID expr .) ]
  ! OP_IGUAL        [ reduce using rule 46 (expr -> ISVOID expr .) ]


state 82

    (47) expr -> NOT expr .
    (23) expr -> expr . ARROBA TIPO PONTO ID ABRE_PARENTESE expr_list FECHA_PARENTESE
    (24) expr -> expr . PONTO ID ABRE_PARENTESE expr_list FECHA_PARENTESE
    (48) expr -> expr . OP_MAIS expr
    (49) expr -> expr . OP_MENOS expr
    (50) expr -> expr . OP_MULT expr
    (51) expr -> expr . OP_DIV expr
    (53) expr -> expr . OP_MENOR expr
    (54) expr -> expr . OP_MENORIGUAL expr
    (55) expr -> expr . OP_IGUAL expr

  ! shift/reduce conflict for ARROBA resolved as shift
  ! shift/reduce conflict for PONTO resolved as shift
  ! shift/reduce conflict for OP_MAIS resolved as shift
  ! shift/reduce conflict for OP_MENOS resolved as shift
  ! shift/reduce conflict for OP_MULT resolved as shift
  ! shift/reduce conflict for OP_DIV resolved as shift
  ! shift/reduce conflict for OP_MENOR resolved as shift
  ! shift/reduce conflict for OP_MENORIGUAL resolved as shift
  ! shift/reduce conflict for OP_IGUAL resolved as shift
    PONTOEVIRGULA   reduce using rule 47 (expr -> NOT expr .)
    FECHA_PARENTESE reduce using rule 47 (expr -> NOT expr .)
    THEN            reduce using rule 47 (expr -> NOT expr .)
    LOOP            reduce using rule 47 (expr -> NOT expr .)
    OF              reduce using rule 47 (expr -> NOT expr .)
    VIRGULA         reduce using rule 47 (expr -> NOT expr .)
    FECHA_CHAVES    reduce using rule 47 (expr -> NOT expr .)
    ELSE            reduce using rule 47 (expr -> NOT expr .)
    POOL            reduce using rule 47 (expr -> NOT expr .)
    FI              reduce using rule 47 (expr -> NOT expr .)
    error           reduce using rule 47 (expr -> NOT expr .)
    IN              reduce using rule 47 (expr -> NOT expr .)
    ARROBA          shift and go to state 62
    PONTO           shift and go to state 63
    OP_MAIS         shift and go to state 64
    OP_MENOS        shift and go to state 65
    OP_MULT         shift and go to state 66
    OP_DIV          shift and go to state 67
    OP_MENOR        shift and go to state 68
    OP_MENORIGUAL   shift and go to state 69
    OP_IGUAL        shift and go to state 70

  ! ARROBA          [ reduce using rule 47 (expr -> NOT expr .) ]
  ! PONTO           [ reduce using rule 47 (expr -> NOT expr .) ]
  ! OP_MAIS         [ reduce using rule 47 (expr -> NOT expr .) ]
  ! OP_MENOS        [ reduce using rule 47 (expr -> NOT expr .) ]
  ! OP_MULT         [ reduce using rule 47 (expr -> NOT expr .) ]
  ! OP_DIV          [ reduce using rule 47 (expr -> NOT expr .) ]
  ! OP_MENOR        [ reduce using rule 47 (expr -> NOT expr .) ]
  ! OP_MENORIGUAL   [ reduce using rule 47 (expr -> NOT expr .) ]
  ! OP_IGUAL        [ reduce using rule 47 (expr -> NOT expr .) ]


state 83

    (52) expr -> OP_NEGACAO expr .
    (23) expr -> expr . ARROBA TIPO PONTO ID ABRE_PARENTESE expr_list FECHA_PARENTESE
    (24) expr -> expr . PONTO ID ABRE_PARENTESE expr_list FECHA_PARENTESE
    (48) expr -> expr . OP_MAIS expr
    (49) expr -> expr . OP_MENOS expr
    (50) expr -> expr . OP_MULT expr
    (51) expr -> expr . OP_DIV expr
    (53) expr -> expr . OP_MENOR expr
    (54) expr -> expr . OP_MENORIGUAL expr
    (55) expr -> expr . OP_IGUAL expr

  ! shift/reduce conflict for ARROBA resolved as shift
  ! shift/reduce conflict for PONTO resolved as shift
  ! shift/reduce conflict for OP_MAIS resolved as shift
  ! shift/reduce conflict for OP_MENOS resolved as shift
  ! shift/reduce conflict for OP_MULT resolved as shift
  ! shift/reduce conflict for OP_DIV resolved as shift
  ! shift/reduce conflict for OP_MENOR resolved as shift
  ! shift/reduce conflict for OP_MENORIGUAL resolved as shift
  ! shift/reduce conflict for OP_IGUAL resolved as shift
    PONTOEVIRGULA   reduce using rule 52 (expr -> OP_NEGACAO expr .)
    FECHA_PARENTESE reduce using rule 52 (expr -> OP_NEGACAO expr .)
    THEN            reduce using rule 52 (expr -> OP_NEGACAO expr .)
    LOOP            reduce using rule 52 (expr -> OP_NEGACAO expr .)
    OF              reduce using rule 52 (expr -> OP_NEGACAO expr .)
    VIRGULA         reduce using rule 52 (expr -> OP_NEGACAO expr .)
    FECHA_CHAVES    reduce using rule 52 (expr -> OP_NEGACAO expr .)
    ELSE            reduce using rule 52 (expr -> OP_NEGACAO expr .)
    POOL            reduce using rule 52 (expr -> OP_NEGACAO expr .)
    FI              reduce using rule 52 (expr -> OP_NEGACAO expr .)
    error           reduce using rule 52 (expr -> OP_NEGACAO expr .)
    IN              reduce using rule 52 (expr -> OP_NEGACAO expr .)
    ARROBA          shift and go to state 62
    PONTO           shift and go to state 63
    OP_MAIS         shift and go to state 64
    OP_MENOS        shift and go to state 65
    OP_MULT         shift and go to state 66
    OP_DIV          shift and go to state 67
    OP_MENOR        shift and go to state 68
    OP_MENORIGUAL   shift and go to state 69
    OP_IGUAL        shift and go to state 70

  ! ARROBA          [ reduce using rule 52 (expr -> OP_NEGACAO expr .) ]
  ! PONTO           [ reduce using rule 52 (expr -> OP_NEGACAO expr .) ]
  ! OP_MAIS         [ reduce using rule 52 (expr -> OP_NEGACAO expr .) ]
  ! OP_MENOS        [ reduce using rule 52 (expr -> OP_NEGACAO expr .) ]
  ! OP_MULT         [ reduce using rule 52 (expr -> OP_NEGACAO expr .) ]
  ! OP_DIV          [ reduce using rule 52 (expr -> OP_NEGACAO expr .) ]
  ! OP_MENOR        [ reduce using rule 52 (expr -> OP_NEGACAO expr .) ]
  ! OP_MENORIGUAL   [ reduce using rule 52 (expr -> OP_NEGACAO expr .) ]
  ! OP_IGUAL        [ reduce using rule 52 (expr -> OP_NEGACAO expr .) ]


state 84

    (9) feature -> ID ABRE_PARENTESE formal_list FECHA_PARENTESE DOISPONTOS TIPO ABRE_CHAVES . expr FECHA_CHAVES PONTOEVIRGULA
    (22) expr -> . ID OP_ATRIBUICAO expr
    (23) expr -> . expr ARROBA TIPO PONTO ID ABRE_PARENTESE expr_list FECHA_PARENTESE
    (24) expr -> . expr PONTO ID ABRE_PARENTESE expr_list FECHA_PARENTESE
    (25) expr -> . ID ABRE_PARENTESE expr_list FECHA_PARENTESE
    (26) expr -> . ID ABRE_PARENTESE error FECHA_PARENTESE
    (27) expr -> . IF expr THEN expr ELSE expr FI
    (28) expr -> . WHILE expr LOOP expr POOL
    (29) expr -> . ABRE_CHAVES expr_block_list FECHA_CHAVES
    (34) expr -> . LET ID DOISPONTOS TIPO OP_ATRIBUICAO expr expr_id_list IN expr
    (35) expr -> . LET ID DOISPONTOS TIPO expr_id_list IN expr
    (41) expr -> . CASE expr OF expr_case_list ESAC
    (45) expr -> . NEW TIPO
    (46) expr -> . ISVOID expr
    (47) expr -> . NOT expr
    (48) expr -> . expr OP_MAIS expr
    (49) expr -> . expr OP_MENOS expr
    (50) expr -> . expr OP_MULT expr
    (51) expr -> . expr OP_DIV expr
    (52) expr -> . OP_NEGACAO expr
    (53) expr -> . expr OP_MENOR expr
    (54) expr -> . expr OP_MENORIGUAL expr
    (55) expr -> . expr OP_IGUAL expr
    (56) expr -> . ABRE_PARENTESE expr FECHA_PARENTESE
    (57) expr -> . ID
    (58) expr -> . INTEIRO
    (59) expr -> . STRING
    (60) expr -> . TRUE
    (61) expr -> . FALSE
    (62) expr -> . REAL

    ID              shift and go to state 39
    IF              shift and go to state 43
    WHILE           shift and go to state 44
    ABRE_CHAVES     shift and go to state 45
    LET             shift and go to state 46
    CASE            shift and go to state 47
    NEW             shift and go to state 48
    ISVOID          shift and go to state 49
    NOT             shift and go to state 50
    OP_NEGACAO      shift and go to state 51
    ABRE_PARENTESE  shift and go to state 42
    INTEIRO         shift and go to state 52
    STRING          shift and go to state 53
    TRUE            shift and go to state 54
    FALSE           shift and go to state 55
    REAL            shift and go to state 56

    expr                           shift and go to state 110

state 85

    (12) feature -> ID ABRE_PARENTESE error FECHA_PARENTESE DOISPONTOS TIPO ABRE_CHAVES . expr FECHA_CHAVES PONTOEVIRGULA
    (22) expr -> . ID OP_ATRIBUICAO expr
    (23) expr -> . expr ARROBA TIPO PONTO ID ABRE_PARENTESE expr_list FECHA_PARENTESE
    (24) expr -> . expr PONTO ID ABRE_PARENTESE expr_list FECHA_PARENTESE
    (25) expr -> . ID ABRE_PARENTESE expr_list FECHA_PARENTESE
    (26) expr -> . ID ABRE_PARENTESE error FECHA_PARENTESE
    (27) expr -> . IF expr THEN expr ELSE expr FI
    (28) expr -> . WHILE expr LOOP expr POOL
    (29) expr -> . ABRE_CHAVES expr_block_list FECHA_CHAVES
    (34) expr -> . LET ID DOISPONTOS TIPO OP_ATRIBUICAO expr expr_id_list IN expr
    (35) expr -> . LET ID DOISPONTOS TIPO expr_id_list IN expr
    (41) expr -> . CASE expr OF expr_case_list ESAC
    (45) expr -> . NEW TIPO
    (46) expr -> . ISVOID expr
    (47) expr -> . NOT expr
    (48) expr -> . expr OP_MAIS expr
    (49) expr -> . expr OP_MENOS expr
    (50) expr -> . expr OP_MULT expr
    (51) expr -> . expr OP_DIV expr
    (52) expr -> . OP_NEGACAO expr
    (53) expr -> . expr OP_MENOR expr
    (54) expr -> . expr OP_MENORIGUAL expr
    (55) expr -> . expr OP_IGUAL expr
    (56) expr -> . ABRE_PARENTESE expr FECHA_PARENTESE
    (57) expr -> . ID
    (58) expr -> . INTEIRO
    (59) expr -> . STRING
    (60) expr -> . TRUE
    (61) expr -> . FALSE
    (62) expr -> . REAL

    ID              shift and go to state 39
    IF              shift and go to state 43
    WHILE           shift and go to state 44
    ABRE_CHAVES     shift and go to state 45
    LET             shift and go to state 46
    CASE            shift and go to state 47
    NEW             shift and go to state 48
    ISVOID          shift and go to state 49
    NOT             shift and go to state 50
    OP_NEGACAO      shift and go to state 51
    ABRE_PARENTESE  shift and go to state 42
    INTEIRO         shift and go to state 52
    STRING          shift and go to state 53
    TRUE            shift and go to state 54
    FALSE           shift and go to state 55
    REAL            shift and go to state 56

    expr                           shift and go to state 111

state 86

    (22) expr -> ID OP_ATRIBUICAO expr .
    (23) expr -> expr . ARROBA TIPO PONTO ID ABRE_PARENTESE expr_list FECHA_PARENTESE
    (24) expr -> expr . PONTO ID ABRE_PARENTESE expr_list FECHA_PARENTESE
    (48) expr -> expr . OP_MAIS expr
    (49) expr -> expr . OP_MENOS expr
    (50) expr -> expr . OP_MULT expr
    (51) expr -> expr . OP_DIV expr
    (53) expr -> expr . OP_MENOR expr
    (54) expr -> expr . OP_MENORIGUAL expr
    (55) expr -> expr . OP_IGUAL expr

  ! shift/reduce conflict for ARROBA resolved as shift
  ! shift/reduce conflict for PONTO resolved as shift
  ! shift/reduce conflict for OP_MAIS resolved as shift
  ! shift/reduce conflict for OP_MENOS resolved as shift
  ! shift/reduce conflict for OP_MULT resolved as shift
  ! shift/reduce conflict for OP_DIV resolved as shift
  ! shift/reduce conflict for OP_MENOR resolved as shift
  ! shift/reduce conflict for OP_MENORIGUAL resolved as shift
  ! shift/reduce conflict for OP_IGUAL resolved as shift
    PONTOEVIRGULA   reduce using rule 22 (expr -> ID OP_ATRIBUICAO expr .)
    FECHA_PARENTESE reduce using rule 22 (expr -> ID OP_ATRIBUICAO expr .)
    THEN            reduce using rule 22 (expr -> ID OP_ATRIBUICAO expr .)
    LOOP            reduce using rule 22 (expr -> ID OP_ATRIBUICAO expr .)
    OF              reduce using rule 22 (expr -> ID OP_ATRIBUICAO expr .)
    VIRGULA         reduce using rule 22 (expr -> ID OP_ATRIBUICAO expr .)
    FECHA_CHAVES    reduce using rule 22 (expr -> ID OP_ATRIBUICAO expr .)
    ELSE            reduce using rule 22 (expr -> ID OP_ATRIBUICAO expr .)
    POOL            reduce using rule 22 (expr -> ID OP_ATRIBUICAO expr .)
    FI              reduce using rule 22 (expr -> ID OP_ATRIBUICAO expr .)
    error           reduce using rule 22 (expr -> ID OP_ATRIBUICAO expr .)
    IN              reduce using rule 22 (expr -> ID OP_ATRIBUICAO expr .)
    ARROBA          shift and go to state 62
    PONTO           shift and go to state 63
    OP_MAIS         shift and go to state 64
    OP_MENOS        shift and go to state 65
    OP_MULT         shift and go to state 66
    OP_DIV          shift and go to state 67
    OP_MENOR        shift and go to state 68
    OP_MENORIGUAL   shift and go to state 69
    OP_IGUAL        shift and go to state 70

  ! ARROBA          [ reduce using rule 22 (expr -> ID OP_ATRIBUICAO expr .) ]
  ! PONTO           [ reduce using rule 22 (expr -> ID OP_ATRIBUICAO expr .) ]
  ! OP_MAIS         [ reduce using rule 22 (expr -> ID OP_ATRIBUICAO expr .) ]
  ! OP_MENOS        [ reduce using rule 22 (expr -> ID OP_ATRIBUICAO expr .) ]
  ! OP_MULT         [ reduce using rule 22 (expr -> ID OP_ATRIBUICAO expr .) ]
  ! OP_DIV          [ reduce using rule 22 (expr -> ID OP_ATRIBUICAO expr .) ]
  ! OP_MENOR        [ reduce using rule 22 (expr -> ID OP_ATRIBUICAO expr .) ]
  ! OP_MENORIGUAL   [ reduce using rule 22 (expr -> ID OP_ATRIBUICAO expr .) ]
  ! OP_IGUAL        [ reduce using rule 22 (expr -> ID OP_ATRIBUICAO expr .) ]


state 87

    (25) expr -> ID ABRE_PARENTESE expr_list . FECHA_PARENTESE
    (18) expr_list -> expr_list . VIRGULA expr
    (21) expr_list -> expr_list . VIRGULA error

    FECHA_PARENTESE shift and go to state 112
    VIRGULA         shift and go to state 113


state 88

    (26) expr -> ID ABRE_PARENTESE error . FECHA_PARENTESE

    FECHA_PARENTESE shift and go to state 114


state 89

    (19) expr_list -> expr .
    (23) expr -> expr . ARROBA TIPO PONTO ID ABRE_PARENTESE expr_list FECHA_PARENTESE
    (24) expr -> expr . PONTO ID ABRE_PARENTESE expr_list FECHA_PARENTESE
    (48) expr -> expr . OP_MAIS expr
    (49) expr -> expr . OP_MENOS expr
    (50) expr -> expr . OP_MULT expr
    (51) expr -> expr . OP_DIV expr
    (53) expr -> expr . OP_MENOR expr
    (54) expr -> expr . OP_MENORIGUAL expr
    (55) expr -> expr . OP_IGUAL expr

    FECHA_PARENTESE reduce using rule 19 (expr_list -> expr .)
    VIRGULA         reduce using rule 19 (expr_list -> expr .)
    ARROBA          shift and go to state 62
    PONTO           shift and go to state 63
    OP_MAIS         shift and go to state 64
    OP_MENOS        shift and go to state 65
    OP_MULT         shift and go to state 66
    OP_DIV          shift and go to state 67
    OP_MENOR        shift and go to state 68
    OP_MENORIGUAL   shift and go to state 69
    OP_IGUAL        shift and go to state 70


state 90

    (20) expr_list -> epsilon .

    FECHA_PARENTESE reduce using rule 20 (expr_list -> epsilon .)
    VIRGULA         reduce using rule 20 (expr_list -> epsilon .)


state 91

    (23) expr -> expr ARROBA TIPO . PONTO ID ABRE_PARENTESE expr_list FECHA_PARENTESE

    PONTO           shift and go to state 115


state 92

    (24) expr -> expr PONTO ID . ABRE_PARENTESE expr_list FECHA_PARENTESE

    ABRE_PARENTESE  shift and go to state 116


state 93

    (48) expr -> expr OP_MAIS expr .
    (23) expr -> expr . ARROBA TIPO PONTO ID ABRE_PARENTESE expr_list FECHA_PARENTESE
    (24) expr -> expr . PONTO ID ABRE_PARENTESE expr_list FECHA_PARENTESE
    (48) expr -> expr . OP_MAIS expr
    (49) expr -> expr . OP_MENOS expr
    (50) expr -> expr . OP_MULT expr
    (51) expr -> expr . OP_DIV expr
    (53) expr -> expr . OP_MENOR expr
    (54) expr -> expr . OP_MENORIGUAL expr
    (55) expr -> expr . OP_IGUAL expr

  ! shift/reduce conflict for ARROBA resolved as shift
  ! shift/reduce conflict for PONTO resolved as shift
  ! shift/reduce conflict for OP_MAIS resolved as shift
  ! shift/reduce conflict for OP_MENOS resolved as shift
  ! shift/reduce conflict for OP_MULT resolved as shift
  ! shift/reduce conflict for OP_DIV resolved as shift
  ! shift/reduce conflict for OP_MENOR resolved as shift
  ! shift/reduce conflict for OP_MENORIGUAL resolved as shift
  ! shift/reduce conflict for OP_IGUAL resolved as shift
    PONTOEVIRGULA   reduce using rule 48 (expr -> expr OP_MAIS expr .)
    FECHA_PARENTESE reduce using rule 48 (expr -> expr OP_MAIS expr .)
    THEN            reduce using rule 48 (expr -> expr OP_MAIS expr .)
    LOOP            reduce using rule 48 (expr -> expr OP_MAIS expr .)
    OF              reduce using rule 48 (expr -> expr OP_MAIS expr .)
    VIRGULA         reduce using rule 48 (expr -> expr OP_MAIS expr .)
    FECHA_CHAVES    reduce using rule 48 (expr -> expr OP_MAIS expr .)
    ELSE            reduce using rule 48 (expr -> expr OP_MAIS expr .)
    POOL            reduce using rule 48 (expr -> expr OP_MAIS expr .)
    FI              reduce using rule 48 (expr -> expr OP_MAIS expr .)
    error           reduce using rule 48 (expr -> expr OP_MAIS expr .)
    IN              reduce using rule 48 (expr -> expr OP_MAIS expr .)
    ARROBA          shift and go to state 62
    PONTO           shift and go to state 63
    OP_MAIS         shift and go to state 64
    OP_MENOS        shift and go to state 65
    OP_MULT         shift and go to state 66
    OP_DIV          shift and go to state 67
    OP_MENOR        shift and go to state 68
    OP_MENORIGUAL   shift and go to state 69
    OP_IGUAL        shift and go to state 70

  ! ARROBA          [ reduce using rule 48 (expr -> expr OP_MAIS expr .) ]
  ! PONTO           [ reduce using rule 48 (expr -> expr OP_MAIS expr .) ]
  ! OP_MAIS         [ reduce using rule 48 (expr -> expr OP_MAIS expr .) ]
  ! OP_MENOS        [ reduce using rule 48 (expr -> expr OP_MAIS expr .) ]
  ! OP_MULT         [ reduce using rule 48 (expr -> expr OP_MAIS expr .) ]
  ! OP_DIV          [ reduce using rule 48 (expr -> expr OP_MAIS expr .) ]
  ! OP_MENOR        [ reduce using rule 48 (expr -> expr OP_MAIS expr .) ]
  ! OP_MENORIGUAL   [ reduce using rule 48 (expr -> expr OP_MAIS expr .) ]
  ! OP_IGUAL        [ reduce using rule 48 (expr -> expr OP_MAIS expr .) ]


state 94

    (49) expr -> expr OP_MENOS expr .
    (23) expr -> expr . ARROBA TIPO PONTO ID ABRE_PARENTESE expr_list FECHA_PARENTESE
    (24) expr -> expr . PONTO ID ABRE_PARENTESE expr_list FECHA_PARENTESE
    (48) expr -> expr . OP_MAIS expr
    (49) expr -> expr . OP_MENOS expr
    (50) expr -> expr . OP_MULT expr
    (51) expr -> expr . OP_DIV expr
    (53) expr -> expr . OP_MENOR expr
    (54) expr -> expr . OP_MENORIGUAL expr
    (55) expr -> expr . OP_IGUAL expr

  ! shift/reduce conflict for ARROBA resolved as shift
  ! shift/reduce conflict for PONTO resolved as shift
  ! shift/reduce conflict for OP_MAIS resolved as shift
  ! shift/reduce conflict for OP_MENOS resolved as shift
  ! shift/reduce conflict for OP_MULT resolved as shift
  ! shift/reduce conflict for OP_DIV resolved as shift
  ! shift/reduce conflict for OP_MENOR resolved as shift
  ! shift/reduce conflict for OP_MENORIGUAL resolved as shift
  ! shift/reduce conflict for OP_IGUAL resolved as shift
    PONTOEVIRGULA   reduce using rule 49 (expr -> expr OP_MENOS expr .)
    FECHA_PARENTESE reduce using rule 49 (expr -> expr OP_MENOS expr .)
    THEN            reduce using rule 49 (expr -> expr OP_MENOS expr .)
    LOOP            reduce using rule 49 (expr -> expr OP_MENOS expr .)
    OF              reduce using rule 49 (expr -> expr OP_MENOS expr .)
    VIRGULA         reduce using rule 49 (expr -> expr OP_MENOS expr .)
    FECHA_CHAVES    reduce using rule 49 (expr -> expr OP_MENOS expr .)
    ELSE            reduce using rule 49 (expr -> expr OP_MENOS expr .)
    POOL            reduce using rule 49 (expr -> expr OP_MENOS expr .)
    FI              reduce using rule 49 (expr -> expr OP_MENOS expr .)
    error           reduce using rule 49 (expr -> expr OP_MENOS expr .)
    IN              reduce using rule 49 (expr -> expr OP_MENOS expr .)
    ARROBA          shift and go to state 62
    PONTO           shift and go to state 63
    OP_MAIS         shift and go to state 64
    OP_MENOS        shift and go to state 65
    OP_MULT         shift and go to state 66
    OP_DIV          shift and go to state 67
    OP_MENOR        shift and go to state 68
    OP_MENORIGUAL   shift and go to state 69
    OP_IGUAL        shift and go to state 70

  ! ARROBA          [ reduce using rule 49 (expr -> expr OP_MENOS expr .) ]
  ! PONTO           [ reduce using rule 49 (expr -> expr OP_MENOS expr .) ]
  ! OP_MAIS         [ reduce using rule 49 (expr -> expr OP_MENOS expr .) ]
  ! OP_MENOS        [ reduce using rule 49 (expr -> expr OP_MENOS expr .) ]
  ! OP_MULT         [ reduce using rule 49 (expr -> expr OP_MENOS expr .) ]
  ! OP_DIV          [ reduce using rule 49 (expr -> expr OP_MENOS expr .) ]
  ! OP_MENOR        [ reduce using rule 49 (expr -> expr OP_MENOS expr .) ]
  ! OP_MENORIGUAL   [ reduce using rule 49 (expr -> expr OP_MENOS expr .) ]
  ! OP_IGUAL        [ reduce using rule 49 (expr -> expr OP_MENOS expr .) ]


state 95

    (50) expr -> expr OP_MULT expr .
    (23) expr -> expr . ARROBA TIPO PONTO ID ABRE_PARENTESE expr_list FECHA_PARENTESE
    (24) expr -> expr . PONTO ID ABRE_PARENTESE expr_list FECHA_PARENTESE
    (48) expr -> expr . OP_MAIS expr
    (49) expr -> expr . OP_MENOS expr
    (50) expr -> expr . OP_MULT expr
    (51) expr -> expr . OP_DIV expr
    (53) expr -> expr . OP_MENOR expr
    (54) expr -> expr . OP_MENORIGUAL expr
    (55) expr -> expr . OP_IGUAL expr

  ! shift/reduce conflict for ARROBA resolved as shift
  ! shift/reduce conflict for PONTO resolved as shift
  ! shift/reduce conflict for OP_MAIS resolved as shift
  ! shift/reduce conflict for OP_MENOS resolved as shift
  ! shift/reduce conflict for OP_MULT resolved as shift
  ! shift/reduce conflict for OP_DIV resolved as shift
  ! shift/reduce conflict for OP_MENOR resolved as shift
  ! shift/reduce conflict for OP_MENORIGUAL resolved as shift
  ! shift/reduce conflict for OP_IGUAL resolved as shift
    PONTOEVIRGULA   reduce using rule 50 (expr -> expr OP_MULT expr .)
    FECHA_PARENTESE reduce using rule 50 (expr -> expr OP_MULT expr .)
    THEN            reduce using rule 50 (expr -> expr OP_MULT expr .)
    LOOP            reduce using rule 50 (expr -> expr OP_MULT expr .)
    OF              reduce using rule 50 (expr -> expr OP_MULT expr .)
    VIRGULA         reduce using rule 50 (expr -> expr OP_MULT expr .)
    FECHA_CHAVES    reduce using rule 50 (expr -> expr OP_MULT expr .)
    ELSE            reduce using rule 50 (expr -> expr OP_MULT expr .)
    POOL            reduce using rule 50 (expr -> expr OP_MULT expr .)
    FI              reduce using rule 50 (expr -> expr OP_MULT expr .)
    error           reduce using rule 50 (expr -> expr OP_MULT expr .)
    IN              reduce using rule 50 (expr -> expr OP_MULT expr .)
    ARROBA          shift and go to state 62
    PONTO           shift and go to state 63
    OP_MAIS         shift and go to state 64
    OP_MENOS        shift and go to state 65
    OP_MULT         shift and go to state 66
    OP_DIV          shift and go to state 67
    OP_MENOR        shift and go to state 68
    OP_MENORIGUAL   shift and go to state 69
    OP_IGUAL        shift and go to state 70

  ! ARROBA          [ reduce using rule 50 (expr -> expr OP_MULT expr .) ]
  ! PONTO           [ reduce using rule 50 (expr -> expr OP_MULT expr .) ]
  ! OP_MAIS         [ reduce using rule 50 (expr -> expr OP_MULT expr .) ]
  ! OP_MENOS        [ reduce using rule 50 (expr -> expr OP_MULT expr .) ]
  ! OP_MULT         [ reduce using rule 50 (expr -> expr OP_MULT expr .) ]
  ! OP_DIV          [ reduce using rule 50 (expr -> expr OP_MULT expr .) ]
  ! OP_MENOR        [ reduce using rule 50 (expr -> expr OP_MULT expr .) ]
  ! OP_MENORIGUAL   [ reduce using rule 50 (expr -> expr OP_MULT expr .) ]
  ! OP_IGUAL        [ reduce using rule 50 (expr -> expr OP_MULT expr .) ]


state 96

    (51) expr -> expr OP_DIV expr .
    (23) expr -> expr . ARROBA TIPO PONTO ID ABRE_PARENTESE expr_list FECHA_PARENTESE
    (24) expr -> expr . PONTO ID ABRE_PARENTESE expr_list FECHA_PARENTESE
    (48) expr -> expr . OP_MAIS expr
    (49) expr -> expr . OP_MENOS expr
    (50) expr -> expr . OP_MULT expr
    (51) expr -> expr . OP_DIV expr
    (53) expr -> expr . OP_MENOR expr
    (54) expr -> expr . OP_MENORIGUAL expr
    (55) expr -> expr . OP_IGUAL expr

  ! shift/reduce conflict for ARROBA resolved as shift
  ! shift/reduce conflict for PONTO resolved as shift
  ! shift/reduce conflict for OP_MAIS resolved as shift
  ! shift/reduce conflict for OP_MENOS resolved as shift
  ! shift/reduce conflict for OP_MULT resolved as shift
  ! shift/reduce conflict for OP_DIV resolved as shift
  ! shift/reduce conflict for OP_MENOR resolved as shift
  ! shift/reduce conflict for OP_MENORIGUAL resolved as shift
  ! shift/reduce conflict for OP_IGUAL resolved as shift
    PONTOEVIRGULA   reduce using rule 51 (expr -> expr OP_DIV expr .)
    FECHA_PARENTESE reduce using rule 51 (expr -> expr OP_DIV expr .)
    THEN            reduce using rule 51 (expr -> expr OP_DIV expr .)
    LOOP            reduce using rule 51 (expr -> expr OP_DIV expr .)
    OF              reduce using rule 51 (expr -> expr OP_DIV expr .)
    VIRGULA         reduce using rule 51 (expr -> expr OP_DIV expr .)
    FECHA_CHAVES    reduce using rule 51 (expr -> expr OP_DIV expr .)
    ELSE            reduce using rule 51 (expr -> expr OP_DIV expr .)
    POOL            reduce using rule 51 (expr -> expr OP_DIV expr .)
    FI              reduce using rule 51 (expr -> expr OP_DIV expr .)
    error           reduce using rule 51 (expr -> expr OP_DIV expr .)
    IN              reduce using rule 51 (expr -> expr OP_DIV expr .)
    ARROBA          shift and go to state 62
    PONTO           shift and go to state 63
    OP_MAIS         shift and go to state 64
    OP_MENOS        shift and go to state 65
    OP_MULT         shift and go to state 66
    OP_DIV          shift and go to state 67
    OP_MENOR        shift and go to state 68
    OP_MENORIGUAL   shift and go to state 69
    OP_IGUAL        shift and go to state 70

  ! ARROBA          [ reduce using rule 51 (expr -> expr OP_DIV expr .) ]
  ! PONTO           [ reduce using rule 51 (expr -> expr OP_DIV expr .) ]
  ! OP_MAIS         [ reduce using rule 51 (expr -> expr OP_DIV expr .) ]
  ! OP_MENOS        [ reduce using rule 51 (expr -> expr OP_DIV expr .) ]
  ! OP_MULT         [ reduce using rule 51 (expr -> expr OP_DIV expr .) ]
  ! OP_DIV          [ reduce using rule 51 (expr -> expr OP_DIV expr .) ]
  ! OP_MENOR        [ reduce using rule 51 (expr -> expr OP_DIV expr .) ]
  ! OP_MENORIGUAL   [ reduce using rule 51 (expr -> expr OP_DIV expr .) ]
  ! OP_IGUAL        [ reduce using rule 51 (expr -> expr OP_DIV expr .) ]


state 97

    (53) expr -> expr OP_MENOR expr .
    (23) expr -> expr . ARROBA TIPO PONTO ID ABRE_PARENTESE expr_list FECHA_PARENTESE
    (24) expr -> expr . PONTO ID ABRE_PARENTESE expr_list FECHA_PARENTESE
    (48) expr -> expr . OP_MAIS expr
    (49) expr -> expr . OP_MENOS expr
    (50) expr -> expr . OP_MULT expr
    (51) expr -> expr . OP_DIV expr
    (53) expr -> expr . OP_MENOR expr
    (54) expr -> expr . OP_MENORIGUAL expr
    (55) expr -> expr . OP_IGUAL expr

  ! shift/reduce conflict for ARROBA resolved as shift
  ! shift/reduce conflict for PONTO resolved as shift
  ! shift/reduce conflict for OP_MAIS resolved as shift
  ! shift/reduce conflict for OP_MENOS resolved as shift
  ! shift/reduce conflict for OP_MULT resolved as shift
  ! shift/reduce conflict for OP_DIV resolved as shift
  ! shift/reduce conflict for OP_MENOR resolved as shift
  ! shift/reduce conflict for OP_MENORIGUAL resolved as shift
  ! shift/reduce conflict for OP_IGUAL resolved as shift
    PONTOEVIRGULA   reduce using rule 53 (expr -> expr OP_MENOR expr .)
    FECHA_PARENTESE reduce using rule 53 (expr -> expr OP_MENOR expr .)
    THEN            reduce using rule 53 (expr -> expr OP_MENOR expr .)
    LOOP            reduce using rule 53 (expr -> expr OP_MENOR expr .)
    OF              reduce using rule 53 (expr -> expr OP_MENOR expr .)
    VIRGULA         reduce using rule 53 (expr -> expr OP_MENOR expr .)
    FECHA_CHAVES    reduce using rule 53 (expr -> expr OP_MENOR expr .)
    ELSE            reduce using rule 53 (expr -> expr OP_MENOR expr .)
    POOL            reduce using rule 53 (expr -> expr OP_MENOR expr .)
    FI              reduce using rule 53 (expr -> expr OP_MENOR expr .)
    error           reduce using rule 53 (expr -> expr OP_MENOR expr .)
    IN              reduce using rule 53 (expr -> expr OP_MENOR expr .)
    ARROBA          shift and go to state 62
    PONTO           shift and go to state 63
    OP_MAIS         shift and go to state 64
    OP_MENOS        shift and go to state 65
    OP_MULT         shift and go to state 66
    OP_DIV          shift and go to state 67
    OP_MENOR        shift and go to state 68
    OP_MENORIGUAL   shift and go to state 69
    OP_IGUAL        shift and go to state 70

  ! ARROBA          [ reduce using rule 53 (expr -> expr OP_MENOR expr .) ]
  ! PONTO           [ reduce using rule 53 (expr -> expr OP_MENOR expr .) ]
  ! OP_MAIS         [ reduce using rule 53 (expr -> expr OP_MENOR expr .) ]
  ! OP_MENOS        [ reduce using rule 53 (expr -> expr OP_MENOR expr .) ]
  ! OP_MULT         [ reduce using rule 53 (expr -> expr OP_MENOR expr .) ]
  ! OP_DIV          [ reduce using rule 53 (expr -> expr OP_MENOR expr .) ]
  ! OP_MENOR        [ reduce using rule 53 (expr -> expr OP_MENOR expr .) ]
  ! OP_MENORIGUAL   [ reduce using rule 53 (expr -> expr OP_MENOR expr .) ]
  ! OP_IGUAL        [ reduce using rule 53 (expr -> expr OP_MENOR expr .) ]


state 98

    (54) expr -> expr OP_MENORIGUAL expr .
    (23) expr -> expr . ARROBA TIPO PONTO ID ABRE_PARENTESE expr_list FECHA_PARENTESE
    (24) expr -> expr . PONTO ID ABRE_PARENTESE expr_list FECHA_PARENTESE
    (48) expr -> expr . OP_MAIS expr
    (49) expr -> expr . OP_MENOS expr
    (50) expr -> expr . OP_MULT expr
    (51) expr -> expr . OP_DIV expr
    (53) expr -> expr . OP_MENOR expr
    (54) expr -> expr . OP_MENORIGUAL expr
    (55) expr -> expr . OP_IGUAL expr

  ! shift/reduce conflict for ARROBA resolved as shift
  ! shift/reduce conflict for PONTO resolved as shift
  ! shift/reduce conflict for OP_MAIS resolved as shift
  ! shift/reduce conflict for OP_MENOS resolved as shift
  ! shift/reduce conflict for OP_MULT resolved as shift
  ! shift/reduce conflict for OP_DIV resolved as shift
  ! shift/reduce conflict for OP_MENOR resolved as shift
  ! shift/reduce conflict for OP_MENORIGUAL resolved as shift
  ! shift/reduce conflict for OP_IGUAL resolved as shift
    PONTOEVIRGULA   reduce using rule 54 (expr -> expr OP_MENORIGUAL expr .)
    FECHA_PARENTESE reduce using rule 54 (expr -> expr OP_MENORIGUAL expr .)
    THEN            reduce using rule 54 (expr -> expr OP_MENORIGUAL expr .)
    LOOP            reduce using rule 54 (expr -> expr OP_MENORIGUAL expr .)
    OF              reduce using rule 54 (expr -> expr OP_MENORIGUAL expr .)
    VIRGULA         reduce using rule 54 (expr -> expr OP_MENORIGUAL expr .)
    FECHA_CHAVES    reduce using rule 54 (expr -> expr OP_MENORIGUAL expr .)
    ELSE            reduce using rule 54 (expr -> expr OP_MENORIGUAL expr .)
    POOL            reduce using rule 54 (expr -> expr OP_MENORIGUAL expr .)
    FI              reduce using rule 54 (expr -> expr OP_MENORIGUAL expr .)
    error           reduce using rule 54 (expr -> expr OP_MENORIGUAL expr .)
    IN              reduce using rule 54 (expr -> expr OP_MENORIGUAL expr .)
    ARROBA          shift and go to state 62
    PONTO           shift and go to state 63
    OP_MAIS         shift and go to state 64
    OP_MENOS        shift and go to state 65
    OP_MULT         shift and go to state 66
    OP_DIV          shift and go to state 67
    OP_MENOR        shift and go to state 68
    OP_MENORIGUAL   shift and go to state 69
    OP_IGUAL        shift and go to state 70

  ! ARROBA          [ reduce using rule 54 (expr -> expr OP_MENORIGUAL expr .) ]
  ! PONTO           [ reduce using rule 54 (expr -> expr OP_MENORIGUAL expr .) ]
  ! OP_MAIS         [ reduce using rule 54 (expr -> expr OP_MENORIGUAL expr .) ]
  ! OP_MENOS        [ reduce using rule 54 (expr -> expr OP_MENORIGUAL expr .) ]
  ! OP_MULT         [ reduce using rule 54 (expr -> expr OP_MENORIGUAL expr .) ]
  ! OP_DIV          [ reduce using rule 54 (expr -> expr OP_MENORIGUAL expr .) ]
  ! OP_MENOR        [ reduce using rule 54 (expr -> expr OP_MENORIGUAL expr .) ]
  ! OP_MENORIGUAL   [ reduce using rule 54 (expr -> expr OP_MENORIGUAL expr .) ]
  ! OP_IGUAL        [ reduce using rule 54 (expr -> expr OP_MENORIGUAL expr .) ]


state 99

    (55) expr -> expr OP_IGUAL expr .
    (23) expr -> expr . ARROBA TIPO PONTO ID ABRE_PARENTESE expr_list FECHA_PARENTESE
    (24) expr -> expr . PONTO ID ABRE_PARENTESE expr_list FECHA_PARENTESE
    (48) expr -> expr . OP_MAIS expr
    (49) expr -> expr . OP_MENOS expr
    (50) expr -> expr . OP_MULT expr
    (51) expr -> expr . OP_DIV expr
    (53) expr -> expr . OP_MENOR expr
    (54) expr -> expr . OP_MENORIGUAL expr
    (55) expr -> expr . OP_IGUAL expr

  ! shift/reduce conflict for ARROBA resolved as shift
  ! shift/reduce conflict for PONTO resolved as shift
  ! shift/reduce conflict for OP_MAIS resolved as shift
  ! shift/reduce conflict for OP_MENOS resolved as shift
  ! shift/reduce conflict for OP_MULT resolved as shift
  ! shift/reduce conflict for OP_DIV resolved as shift
  ! shift/reduce conflict for OP_MENOR resolved as shift
  ! shift/reduce conflict for OP_MENORIGUAL resolved as shift
  ! shift/reduce conflict for OP_IGUAL resolved as shift
    PONTOEVIRGULA   reduce using rule 55 (expr -> expr OP_IGUAL expr .)
    FECHA_PARENTESE reduce using rule 55 (expr -> expr OP_IGUAL expr .)
    THEN            reduce using rule 55 (expr -> expr OP_IGUAL expr .)
    LOOP            reduce using rule 55 (expr -> expr OP_IGUAL expr .)
    OF              reduce using rule 55 (expr -> expr OP_IGUAL expr .)
    VIRGULA         reduce using rule 55 (expr -> expr OP_IGUAL expr .)
    FECHA_CHAVES    reduce using rule 55 (expr -> expr OP_IGUAL expr .)
    ELSE            reduce using rule 55 (expr -> expr OP_IGUAL expr .)
    POOL            reduce using rule 55 (expr -> expr OP_IGUAL expr .)
    FI              reduce using rule 55 (expr -> expr OP_IGUAL expr .)
    error           reduce using rule 55 (expr -> expr OP_IGUAL expr .)
    IN              reduce using rule 55 (expr -> expr OP_IGUAL expr .)
    ARROBA          shift and go to state 62
    PONTO           shift and go to state 63
    OP_MAIS         shift and go to state 64
    OP_MENOS        shift and go to state 65
    OP_MULT         shift and go to state 66
    OP_DIV          shift and go to state 67
    OP_MENOR        shift and go to state 68
    OP_MENORIGUAL   shift and go to state 69
    OP_IGUAL        shift and go to state 70

  ! ARROBA          [ reduce using rule 55 (expr -> expr OP_IGUAL expr .) ]
  ! PONTO           [ reduce using rule 55 (expr -> expr OP_IGUAL expr .) ]
  ! OP_MAIS         [ reduce using rule 55 (expr -> expr OP_IGUAL expr .) ]
  ! OP_MENOS        [ reduce using rule 55 (expr -> expr OP_IGUAL expr .) ]
  ! OP_MULT         [ reduce using rule 55 (expr -> expr OP_IGUAL expr .) ]
  ! OP_DIV          [ reduce using rule 55 (expr -> expr OP_IGUAL expr .) ]
  ! OP_MENOR        [ reduce using rule 55 (expr -> expr OP_IGUAL expr .) ]
  ! OP_MENORIGUAL   [ reduce using rule 55 (expr -> expr OP_IGUAL expr .) ]
  ! OP_IGUAL        [ reduce using rule 55 (expr -> expr OP_IGUAL expr .) ]


state 100

    (56) expr -> ABRE_PARENTESE expr FECHA_PARENTESE .

    PONTOEVIRGULA   reduce using rule 56 (expr -> ABRE_PARENTESE expr FECHA_PARENTESE .)
    ARROBA          reduce using rule 56 (expr -> ABRE_PARENTESE expr FECHA_PARENTESE .)
    PONTO           reduce using rule 56 (expr -> ABRE_PARENTESE expr FECHA_PARENTESE .)
    OP_MAIS         reduce using rule 56 (expr -> ABRE_PARENTESE expr FECHA_PARENTESE .)
    OP_MENOS        reduce using rule 56 (expr -> ABRE_PARENTESE expr FECHA_PARENTESE .)
    OP_MULT         reduce using rule 56 (expr -> ABRE_PARENTESE expr FECHA_PARENTESE .)
    OP_DIV          reduce using rule 56 (expr -> ABRE_PARENTESE expr FECHA_PARENTESE .)
    OP_MENOR        reduce using rule 56 (expr -> ABRE_PARENTESE expr FECHA_PARENTESE .)
    OP_MENORIGUAL   reduce using rule 56 (expr -> ABRE_PARENTESE expr FECHA_PARENTESE .)
    OP_IGUAL        reduce using rule 56 (expr -> ABRE_PARENTESE expr FECHA_PARENTESE .)
    FECHA_PARENTESE reduce using rule 56 (expr -> ABRE_PARENTESE expr FECHA_PARENTESE .)
    THEN            reduce using rule 56 (expr -> ABRE_PARENTESE expr FECHA_PARENTESE .)
    LOOP            reduce using rule 56 (expr -> ABRE_PARENTESE expr FECHA_PARENTESE .)
    OF              reduce using rule 56 (expr -> ABRE_PARENTESE expr FECHA_PARENTESE .)
    VIRGULA         reduce using rule 56 (expr -> ABRE_PARENTESE expr FECHA_PARENTESE .)
    FECHA_CHAVES    reduce using rule 56 (expr -> ABRE_PARENTESE expr FECHA_PARENTESE .)
    ELSE            reduce using rule 56 (expr -> ABRE_PARENTESE expr FECHA_PARENTESE .)
    POOL            reduce using rule 56 (expr -> ABRE_PARENTESE expr FECHA_PARENTESE .)
    FI              reduce using rule 56 (expr -> ABRE_PARENTESE expr FECHA_PARENTESE .)
    error           reduce using rule 56 (expr -> ABRE_PARENTESE expr FECHA_PARENTESE .)
    IN              reduce using rule 56 (expr -> ABRE_PARENTESE expr FECHA_PARENTESE .)


state 101

    (27) expr -> IF expr THEN . expr ELSE expr FI
    (22) expr -> . ID OP_ATRIBUICAO expr
    (23) expr -> . expr ARROBA TIPO PONTO ID ABRE_PARENTESE expr_list FECHA_PARENTESE
    (24) expr -> . expr PONTO ID ABRE_PARENTESE expr_list FECHA_PARENTESE
    (25) expr -> . ID ABRE_PARENTESE expr_list FECHA_PARENTESE
    (26) expr -> . ID ABRE_PARENTESE error FECHA_PARENTESE
    (27) expr -> . IF expr THEN expr ELSE expr FI
    (28) expr -> . WHILE expr LOOP expr POOL
    (29) expr -> . ABRE_CHAVES expr_block_list FECHA_CHAVES
    (34) expr -> . LET ID DOISPONTOS TIPO OP_ATRIBUICAO expr expr_id_list IN expr
    (35) expr -> . LET ID DOISPONTOS TIPO expr_id_list IN expr
    (41) expr -> . CASE expr OF expr_case_list ESAC
    (45) expr -> . NEW TIPO
    (46) expr -> . ISVOID expr
    (47) expr -> . NOT expr
    (48) expr -> . expr OP_MAIS expr
    (49) expr -> . expr OP_MENOS expr
    (50) expr -> . expr OP_MULT expr
    (51) expr -> . expr OP_DIV expr
    (52) expr -> . OP_NEGACAO expr
    (53) expr -> . expr OP_MENOR expr
    (54) expr -> . expr OP_MENORIGUAL expr
    (55) expr -> . expr OP_IGUAL expr
    (56) expr -> . ABRE_PARENTESE expr FECHA_PARENTESE
    (57) expr -> . ID
    (58) expr -> . INTEIRO
    (59) expr -> . STRING
    (60) expr -> . TRUE
    (61) expr -> . FALSE
    (62) expr -> . REAL

    ID              shift and go to state 39
    IF              shift and go to state 43
    WHILE           shift and go to state 44
    ABRE_CHAVES     shift and go to state 45
    LET             shift and go to state 46
    CASE            shift and go to state 47
    NEW             shift and go to state 48
    ISVOID          shift and go to state 49
    NOT             shift and go to state 50
    OP_NEGACAO      shift and go to state 51
    ABRE_PARENTESE  shift and go to state 42
    INTEIRO         shift and go to state 52
    STRING          shift and go to state 53
    TRUE            shift and go to state 54
    FALSE           shift and go to state 55
    REAL            shift and go to state 56

    expr                           shift and go to state 117

state 102

    (28) expr -> WHILE expr LOOP . expr POOL
    (22) expr -> . ID OP_ATRIBUICAO expr
    (23) expr -> . expr ARROBA TIPO PONTO ID ABRE_PARENTESE expr_list FECHA_PARENTESE
    (24) expr -> . expr PONTO ID ABRE_PARENTESE expr_list FECHA_PARENTESE
    (25) expr -> . ID ABRE_PARENTESE expr_list FECHA_PARENTESE
    (26) expr -> . ID ABRE_PARENTESE error FECHA_PARENTESE
    (27) expr -> . IF expr THEN expr ELSE expr FI
    (28) expr -> . WHILE expr LOOP expr POOL
    (29) expr -> . ABRE_CHAVES expr_block_list FECHA_CHAVES
    (34) expr -> . LET ID DOISPONTOS TIPO OP_ATRIBUICAO expr expr_id_list IN expr
    (35) expr -> . LET ID DOISPONTOS TIPO expr_id_list IN expr
    (41) expr -> . CASE expr OF expr_case_list ESAC
    (45) expr -> . NEW TIPO
    (46) expr -> . ISVOID expr
    (47) expr -> . NOT expr
    (48) expr -> . expr OP_MAIS expr
    (49) expr -> . expr OP_MENOS expr
    (50) expr -> . expr OP_MULT expr
    (51) expr -> . expr OP_DIV expr
    (52) expr -> . OP_NEGACAO expr
    (53) expr -> . expr OP_MENOR expr
    (54) expr -> . expr OP_MENORIGUAL expr
    (55) expr -> . expr OP_IGUAL expr
    (56) expr -> . ABRE_PARENTESE expr FECHA_PARENTESE
    (57) expr -> . ID
    (58) expr -> . INTEIRO
    (59) expr -> . STRING
    (60) expr -> . TRUE
    (61) expr -> . FALSE
    (62) expr -> . REAL

    ID              shift and go to state 39
    IF              shift and go to state 43
    WHILE           shift and go to state 44
    ABRE_CHAVES     shift and go to state 45
    LET             shift and go to state 46
    CASE            shift and go to state 47
    NEW             shift and go to state 48
    ISVOID          shift and go to state 49
    NOT             shift and go to state 50
    OP_NEGACAO      shift and go to state 51
    ABRE_PARENTESE  shift and go to state 42
    INTEIRO         shift and go to state 52
    STRING          shift and go to state 53
    TRUE            shift and go to state 54
    FALSE           shift and go to state 55
    REAL            shift and go to state 56

    expr                           shift and go to state 118

state 103

    (29) expr -> ABRE_CHAVES expr_block_list FECHA_CHAVES .

    PONTOEVIRGULA   reduce using rule 29 (expr -> ABRE_CHAVES expr_block_list FECHA_CHAVES .)
    ARROBA          reduce using rule 29 (expr -> ABRE_CHAVES expr_block_list FECHA_CHAVES .)
    PONTO           reduce using rule 29 (expr -> ABRE_CHAVES expr_block_list FECHA_CHAVES .)
    OP_MAIS         reduce using rule 29 (expr -> ABRE_CHAVES expr_block_list FECHA_CHAVES .)
    OP_MENOS        reduce using rule 29 (expr -> ABRE_CHAVES expr_block_list FECHA_CHAVES .)
    OP_MULT         reduce using rule 29 (expr -> ABRE_CHAVES expr_block_list FECHA_CHAVES .)
    OP_DIV          reduce using rule 29 (expr -> ABRE_CHAVES expr_block_list FECHA_CHAVES .)
    OP_MENOR        reduce using rule 29 (expr -> ABRE_CHAVES expr_block_list FECHA_CHAVES .)
    OP_MENORIGUAL   reduce using rule 29 (expr -> ABRE_CHAVES expr_block_list FECHA_CHAVES .)
    OP_IGUAL        reduce using rule 29 (expr -> ABRE_CHAVES expr_block_list FECHA_CHAVES .)
    FECHA_PARENTESE reduce using rule 29 (expr -> ABRE_CHAVES expr_block_list FECHA_CHAVES .)
    THEN            reduce using rule 29 (expr -> ABRE_CHAVES expr_block_list FECHA_CHAVES .)
    LOOP            reduce using rule 29 (expr -> ABRE_CHAVES expr_block_list FECHA_CHAVES .)
    OF              reduce using rule 29 (expr -> ABRE_CHAVES expr_block_list FECHA_CHAVES .)
    VIRGULA         reduce using rule 29 (expr -> ABRE_CHAVES expr_block_list FECHA_CHAVES .)
    FECHA_CHAVES    reduce using rule 29 (expr -> ABRE_CHAVES expr_block_list FECHA_CHAVES .)
    ELSE            reduce using rule 29 (expr -> ABRE_CHAVES expr_block_list FECHA_CHAVES .)
    POOL            reduce using rule 29 (expr -> ABRE_CHAVES expr_block_list FECHA_CHAVES .)
    FI              reduce using rule 29 (expr -> ABRE_CHAVES expr_block_list FECHA_CHAVES .)
    error           reduce using rule 29 (expr -> ABRE_CHAVES expr_block_list FECHA_CHAVES .)
    IN              reduce using rule 29 (expr -> ABRE_CHAVES expr_block_list FECHA_CHAVES .)


state 104

    (30) expr_block_list -> expr_block_list expr . PONTOEVIRGULA
    (23) expr -> expr . ARROBA TIPO PONTO ID ABRE_PARENTESE expr_list FECHA_PARENTESE
    (24) expr -> expr . PONTO ID ABRE_PARENTESE expr_list FECHA_PARENTESE
    (48) expr -> expr . OP_MAIS expr
    (49) expr -> expr . OP_MENOS expr
    (50) expr -> expr . OP_MULT expr
    (51) expr -> expr . OP_DIV expr
    (53) expr -> expr . OP_MENOR expr
    (54) expr -> expr . OP_MENORIGUAL expr
    (55) expr -> expr . OP_IGUAL expr

    PONTOEVIRGULA   shift and go to state 119
    ARROBA          shift and go to state 62
    PONTO           shift and go to state 63
    OP_MAIS         shift and go to state 64
    OP_MENOS        shift and go to state 65
    OP_MULT         shift and go to state 66
    OP_DIV          shift and go to state 67
    OP_MENOR        shift and go to state 68
    OP_MENORIGUAL   shift and go to state 69
    OP_IGUAL        shift and go to state 70


state 105

    (32) expr_block_list -> expr_block_list error . PONTOEVIRGULA

    PONTOEVIRGULA   shift and go to state 120


state 106

    (31) expr_block_list -> expr PONTOEVIRGULA .

    FECHA_CHAVES    reduce using rule 31 (expr_block_list -> expr PONTOEVIRGULA .)
    error           reduce using rule 31 (expr_block_list -> expr PONTOEVIRGULA .)
    ID              reduce using rule 31 (expr_block_list -> expr PONTOEVIRGULA .)
    IF              reduce using rule 31 (expr_block_list -> expr PONTOEVIRGULA .)
    WHILE           reduce using rule 31 (expr_block_list -> expr PONTOEVIRGULA .)
    ABRE_CHAVES     reduce using rule 31 (expr_block_list -> expr PONTOEVIRGULA .)
    LET             reduce using rule 31 (expr_block_list -> expr PONTOEVIRGULA .)
    CASE            reduce using rule 31 (expr_block_list -> expr PONTOEVIRGULA .)
    NEW             reduce using rule 31 (expr_block_list -> expr PONTOEVIRGULA .)
    ISVOID          reduce using rule 31 (expr_block_list -> expr PONTOEVIRGULA .)
    NOT             reduce using rule 31 (expr_block_list -> expr PONTOEVIRGULA .)
    OP_NEGACAO      reduce using rule 31 (expr_block_list -> expr PONTOEVIRGULA .)
    ABRE_PARENTESE  reduce using rule 31 (expr_block_list -> expr PONTOEVIRGULA .)
    INTEIRO         reduce using rule 31 (expr_block_list -> expr PONTOEVIRGULA .)
    STRING          reduce using rule 31 (expr_block_list -> expr PONTOEVIRGULA .)
    TRUE            reduce using rule 31 (expr_block_list -> expr PONTOEVIRGULA .)
    FALSE           reduce using rule 31 (expr_block_list -> expr PONTOEVIRGULA .)
    REAL            reduce using rule 31 (expr_block_list -> expr PONTOEVIRGULA .)


state 107

    (33) expr_block_list -> error PONTOEVIRGULA .

    FECHA_CHAVES    reduce using rule 33 (expr_block_list -> error PONTOEVIRGULA .)
    error           reduce using rule 33 (expr_block_list -> error PONTOEVIRGULA .)
    ID              reduce using rule 33 (expr_block_list -> error PONTOEVIRGULA .)
    IF              reduce using rule 33 (expr_block_list -> error PONTOEVIRGULA .)
    WHILE           reduce using rule 33 (expr_block_list -> error PONTOEVIRGULA .)
    ABRE_CHAVES     reduce using rule 33 (expr_block_list -> error PONTOEVIRGULA .)
    LET             reduce using rule 33 (expr_block_list -> error PONTOEVIRGULA .)
    CASE            reduce using rule 33 (expr_block_list -> error PONTOEVIRGULA .)
    NEW             reduce using rule 33 (expr_block_list -> error PONTOEVIRGULA .)
    ISVOID          reduce using rule 33 (expr_block_list -> error PONTOEVIRGULA .)
    NOT             reduce using rule 33 (expr_block_list -> error PONTOEVIRGULA .)
    OP_NEGACAO      reduce using rule 33 (expr_block_list -> error PONTOEVIRGULA .)
    ABRE_PARENTESE  reduce using rule 33 (expr_block_list -> error PONTOEVIRGULA .)
    INTEIRO         reduce using rule 33 (expr_block_list -> error PONTOEVIRGULA .)
    STRING          reduce using rule 33 (expr_block_list -> error PONTOEVIRGULA .)
    TRUE            reduce using rule 33 (expr_block_list -> error PONTOEVIRGULA .)
    FALSE           reduce using rule 33 (expr_block_list -> error PONTOEVIRGULA .)
    REAL            reduce using rule 33 (expr_block_list -> error PONTOEVIRGULA .)


state 108

    (34) expr -> LET ID DOISPONTOS . TIPO OP_ATRIBUICAO expr expr_id_list IN expr
    (35) expr -> LET ID DOISPONTOS . TIPO expr_id_list IN expr

    TIPO            shift and go to state 121


state 109

    (41) expr -> CASE expr OF . expr_case_list ESAC
    (42) expr_case_list -> . expr_case_list ID DOISPONTOS TIPO SETA expr PONTOEVIRGULA
    (43) expr_case_list -> . ID DOISPONTOS TIPO SETA expr PONTOEVIRGULA
    (44) expr_case_list -> . expr_case_list ID DOISPONTOS TIPO SETA error PONTOEVIRGULA

    ID              shift and go to state 123

    expr_case_list                 shift and go to state 122

state 110

    (9) feature -> ID ABRE_PARENTESE formal_list FECHA_PARENTESE DOISPONTOS TIPO ABRE_CHAVES expr . FECHA_CHAVES PONTOEVIRGULA
    (23) expr -> expr . ARROBA TIPO PONTO ID ABRE_PARENTESE expr_list FECHA_PARENTESE
    (24) expr -> expr . PONTO ID ABRE_PARENTESE expr_list FECHA_PARENTESE
    (48) expr -> expr . OP_MAIS expr
    (49) expr -> expr . OP_MENOS expr
    (50) expr -> expr . OP_MULT expr
    (51) expr -> expr . OP_DIV expr
    (53) expr -> expr . OP_MENOR expr
    (54) expr -> expr . OP_MENORIGUAL expr
    (55) expr -> expr . OP_IGUAL expr

    FECHA_CHAVES    shift and go to state 124
    ARROBA          shift and go to state 62
    PONTO           shift and go to state 63
    OP_MAIS         shift and go to state 64
    OP_MENOS        shift and go to state 65
    OP_MULT         shift and go to state 66
    OP_DIV          shift and go to state 67
    OP_MENOR        shift and go to state 68
    OP_MENORIGUAL   shift and go to state 69
    OP_IGUAL        shift and go to state 70


state 111

    (12) feature -> ID ABRE_PARENTESE error FECHA_PARENTESE DOISPONTOS TIPO ABRE_CHAVES expr . FECHA_CHAVES PONTOEVIRGULA
    (23) expr -> expr . ARROBA TIPO PONTO ID ABRE_PARENTESE expr_list FECHA_PARENTESE
    (24) expr -> expr . PONTO ID ABRE_PARENTESE expr_list FECHA_PARENTESE
    (48) expr -> expr . OP_MAIS expr
    (49) expr -> expr . OP_MENOS expr
    (50) expr -> expr . OP_MULT expr
    (51) expr -> expr . OP_DIV expr
    (53) expr -> expr . OP_MENOR expr
    (54) expr -> expr . OP_MENORIGUAL expr
    (55) expr -> expr . OP_IGUAL expr

    FECHA_CHAVES    shift and go to state 125
    ARROBA          shift and go to state 62
    PONTO           shift and go to state 63
    OP_MAIS         shift and go to state 64
    OP_MENOS        shift and go to state 65
    OP_MULT         shift and go to state 66
    OP_DIV          shift and go to state 67
    OP_MENOR        shift and go to state 68
    OP_MENORIGUAL   shift and go to state 69
    OP_IGUAL        shift and go to state 70


state 112

    (25) expr -> ID ABRE_PARENTESE expr_list FECHA_PARENTESE .

    PONTOEVIRGULA   reduce using rule 25 (expr -> ID ABRE_PARENTESE expr_list FECHA_PARENTESE .)
    ARROBA          reduce using rule 25 (expr -> ID ABRE_PARENTESE expr_list FECHA_PARENTESE .)
    PONTO           reduce using rule 25 (expr -> ID ABRE_PARENTESE expr_list FECHA_PARENTESE .)
    OP_MAIS         reduce using rule 25 (expr -> ID ABRE_PARENTESE expr_list FECHA_PARENTESE .)
    OP_MENOS        reduce using rule 25 (expr -> ID ABRE_PARENTESE expr_list FECHA_PARENTESE .)
    OP_MULT         reduce using rule 25 (expr -> ID ABRE_PARENTESE expr_list FECHA_PARENTESE .)
    OP_DIV          reduce using rule 25 (expr -> ID ABRE_PARENTESE expr_list FECHA_PARENTESE .)
    OP_MENOR        reduce using rule 25 (expr -> ID ABRE_PARENTESE expr_list FECHA_PARENTESE .)
    OP_MENORIGUAL   reduce using rule 25 (expr -> ID ABRE_PARENTESE expr_list FECHA_PARENTESE .)
    OP_IGUAL        reduce using rule 25 (expr -> ID ABRE_PARENTESE expr_list FECHA_PARENTESE .)
    FECHA_PARENTESE reduce using rule 25 (expr -> ID ABRE_PARENTESE expr_list FECHA_PARENTESE .)
    THEN            reduce using rule 25 (expr -> ID ABRE_PARENTESE expr_list FECHA_PARENTESE .)
    LOOP            reduce using rule 25 (expr -> ID ABRE_PARENTESE expr_list FECHA_PARENTESE .)
    OF              reduce using rule 25 (expr -> ID ABRE_PARENTESE expr_list FECHA_PARENTESE .)
    VIRGULA         reduce using rule 25 (expr -> ID ABRE_PARENTESE expr_list FECHA_PARENTESE .)
    FECHA_CHAVES    reduce using rule 25 (expr -> ID ABRE_PARENTESE expr_list FECHA_PARENTESE .)
    ELSE            reduce using rule 25 (expr -> ID ABRE_PARENTESE expr_list FECHA_PARENTESE .)
    POOL            reduce using rule 25 (expr -> ID ABRE_PARENTESE expr_list FECHA_PARENTESE .)
    FI              reduce using rule 25 (expr -> ID ABRE_PARENTESE expr_list FECHA_PARENTESE .)
    error           reduce using rule 25 (expr -> ID ABRE_PARENTESE expr_list FECHA_PARENTESE .)
    IN              reduce using rule 25 (expr -> ID ABRE_PARENTESE expr_list FECHA_PARENTESE .)


state 113

    (18) expr_list -> expr_list VIRGULA . expr
    (21) expr_list -> expr_list VIRGULA . error
    (22) expr -> . ID OP_ATRIBUICAO expr
    (23) expr -> . expr ARROBA TIPO PONTO ID ABRE_PARENTESE expr_list FECHA_PARENTESE
    (24) expr -> . expr PONTO ID ABRE_PARENTESE expr_list FECHA_PARENTESE
    (25) expr -> . ID ABRE_PARENTESE expr_list FECHA_PARENTESE
    (26) expr -> . ID ABRE_PARENTESE error FECHA_PARENTESE
    (27) expr -> . IF expr THEN expr ELSE expr FI
    (28) expr -> . WHILE expr LOOP expr POOL
    (29) expr -> . ABRE_CHAVES expr_block_list FECHA_CHAVES
    (34) expr -> . LET ID DOISPONTOS TIPO OP_ATRIBUICAO expr expr_id_list IN expr
    (35) expr -> . LET ID DOISPONTOS TIPO expr_id_list IN expr
    (41) expr -> . CASE expr OF expr_case_list ESAC
    (45) expr -> . NEW TIPO
    (46) expr -> . ISVOID expr
    (47) expr -> . NOT expr
    (48) expr -> . expr OP_MAIS expr
    (49) expr -> . expr OP_MENOS expr
    (50) expr -> . expr OP_MULT expr
    (51) expr -> . expr OP_DIV expr
    (52) expr -> . OP_NEGACAO expr
    (53) expr -> . expr OP_MENOR expr
    (54) expr -> . expr OP_MENORIGUAL expr
    (55) expr -> . expr OP_IGUAL expr
    (56) expr -> . ABRE_PARENTESE expr FECHA_PARENTESE
    (57) expr -> . ID
    (58) expr -> . INTEIRO
    (59) expr -> . STRING
    (60) expr -> . TRUE
    (61) expr -> . FALSE
    (62) expr -> . REAL

    error           shift and go to state 127
    ID              shift and go to state 39
    IF              shift and go to state 43
    WHILE           shift and go to state 44
    ABRE_CHAVES     shift and go to state 45
    LET             shift and go to state 46
    CASE            shift and go to state 47
    NEW             shift and go to state 48
    ISVOID          shift and go to state 49
    NOT             shift and go to state 50
    OP_NEGACAO      shift and go to state 51
    ABRE_PARENTESE  shift and go to state 42
    INTEIRO         shift and go to state 52
    STRING          shift and go to state 53
    TRUE            shift and go to state 54
    FALSE           shift and go to state 55
    REAL            shift and go to state 56

    expr                           shift and go to state 126

state 114

    (26) expr -> ID ABRE_PARENTESE error FECHA_PARENTESE .

    PONTOEVIRGULA   reduce using rule 26 (expr -> ID ABRE_PARENTESE error FECHA_PARENTESE .)
    ARROBA          reduce using rule 26 (expr -> ID ABRE_PARENTESE error FECHA_PARENTESE .)
    PONTO           reduce using rule 26 (expr -> ID ABRE_PARENTESE error FECHA_PARENTESE .)
    OP_MAIS         reduce using rule 26 (expr -> ID ABRE_PARENTESE error FECHA_PARENTESE .)
    OP_MENOS        reduce using rule 26 (expr -> ID ABRE_PARENTESE error FECHA_PARENTESE .)
    OP_MULT         reduce using rule 26 (expr -> ID ABRE_PARENTESE error FECHA_PARENTESE .)
    OP_DIV          reduce using rule 26 (expr -> ID ABRE_PARENTESE error FECHA_PARENTESE .)
    OP_MENOR        reduce using rule 26 (expr -> ID ABRE_PARENTESE error FECHA_PARENTESE .)
    OP_MENORIGUAL   reduce using rule 26 (expr -> ID ABRE_PARENTESE error FECHA_PARENTESE .)
    OP_IGUAL        reduce using rule 26 (expr -> ID ABRE_PARENTESE error FECHA_PARENTESE .)
    FECHA_PARENTESE reduce using rule 26 (expr -> ID ABRE_PARENTESE error FECHA_PARENTESE .)
    THEN            reduce using rule 26 (expr -> ID ABRE_PARENTESE error FECHA_PARENTESE .)
    LOOP            reduce using rule 26 (expr -> ID ABRE_PARENTESE error FECHA_PARENTESE .)
    OF              reduce using rule 26 (expr -> ID ABRE_PARENTESE error FECHA_PARENTESE .)
    VIRGULA         reduce using rule 26 (expr -> ID ABRE_PARENTESE error FECHA_PARENTESE .)
    FECHA_CHAVES    reduce using rule 26 (expr -> ID ABRE_PARENTESE error FECHA_PARENTESE .)
    ELSE            reduce using rule 26 (expr -> ID ABRE_PARENTESE error FECHA_PARENTESE .)
    POOL            reduce using rule 26 (expr -> ID ABRE_PARENTESE error FECHA_PARENTESE .)
    FI              reduce using rule 26 (expr -> ID ABRE_PARENTESE error FECHA_PARENTESE .)
    error           reduce using rule 26 (expr -> ID ABRE_PARENTESE error FECHA_PARENTESE .)
    IN              reduce using rule 26 (expr -> ID ABRE_PARENTESE error FECHA_PARENTESE .)


state 115

    (23) expr -> expr ARROBA TIPO PONTO . ID ABRE_PARENTESE expr_list FECHA_PARENTESE

    ID              shift and go to state 128


state 116

    (24) expr -> expr PONTO ID ABRE_PARENTESE . expr_list FECHA_PARENTESE
    (18) expr_list -> . expr_list VIRGULA expr
    (19) expr_list -> . expr
    (20) expr_list -> . epsilon
    (21) expr_list -> . expr_list VIRGULA error
    (22) expr -> . ID OP_ATRIBUICAO expr
    (23) expr -> . expr ARROBA TIPO PONTO ID ABRE_PARENTESE expr_list FECHA_PARENTESE
    (24) expr -> . expr PONTO ID ABRE_PARENTESE expr_list FECHA_PARENTESE
    (25) expr -> . ID ABRE_PARENTESE expr_list FECHA_PARENTESE
    (26) expr -> . ID ABRE_PARENTESE error FECHA_PARENTESE
    (27) expr -> . IF expr THEN expr ELSE expr FI
    (28) expr -> . WHILE expr LOOP expr POOL
    (29) expr -> . ABRE_CHAVES expr_block_list FECHA_CHAVES
    (34) expr -> . LET ID DOISPONTOS TIPO OP_ATRIBUICAO expr expr_id_list IN expr
    (35) expr -> . LET ID DOISPONTOS TIPO expr_id_list IN expr
    (41) expr -> . CASE expr OF expr_case_list ESAC
    (45) expr -> . NEW TIPO
    (46) expr -> . ISVOID expr
    (47) expr -> . NOT expr
    (48) expr -> . expr OP_MAIS expr
    (49) expr -> . expr OP_MENOS expr
    (50) expr -> . expr OP_MULT expr
    (51) expr -> . expr OP_DIV expr
    (52) expr -> . OP_NEGACAO expr
    (53) expr -> . expr OP_MENOR expr
    (54) expr -> . expr OP_MENORIGUAL expr
    (55) expr -> . expr OP_IGUAL expr
    (56) expr -> . ABRE_PARENTESE expr FECHA_PARENTESE
    (57) expr -> . ID
    (58) expr -> . INTEIRO
    (59) expr -> . STRING
    (60) expr -> . TRUE
    (61) expr -> . FALSE
    (62) expr -> . REAL
    (63) epsilon -> .

    ID              shift and go to state 39
    IF              shift and go to state 43
    WHILE           shift and go to state 44
    ABRE_CHAVES     shift and go to state 45
    LET             shift and go to state 46
    CASE            shift and go to state 47
    NEW             shift and go to state 48
    ISVOID          shift and go to state 49
    NOT             shift and go to state 50
    OP_NEGACAO      shift and go to state 51
    ABRE_PARENTESE  shift and go to state 42
    INTEIRO         shift and go to state 52
    STRING          shift and go to state 53
    TRUE            shift and go to state 54
    FALSE           shift and go to state 55
    REAL            shift and go to state 56
    FECHA_PARENTESE reduce using rule 63 (epsilon -> .)
    VIRGULA         reduce using rule 63 (epsilon -> .)

    expr                           shift and go to state 89
    expr_list                      shift and go to state 129
    epsilon                        shift and go to state 90

state 117

    (27) expr -> IF expr THEN expr . ELSE expr FI
    (23) expr -> expr . ARROBA TIPO PONTO ID ABRE_PARENTESE expr_list FECHA_PARENTESE
    (24) expr -> expr . PONTO ID ABRE_PARENTESE expr_list FECHA_PARENTESE
    (48) expr -> expr . OP_MAIS expr
    (49) expr -> expr . OP_MENOS expr
    (50) expr -> expr . OP_MULT expr
    (51) expr -> expr . OP_DIV expr
    (53) expr -> expr . OP_MENOR expr
    (54) expr -> expr . OP_MENORIGUAL expr
    (55) expr -> expr . OP_IGUAL expr

    ELSE            shift and go to state 130
    ARROBA          shift and go to state 62
    PONTO           shift and go to state 63
    OP_MAIS         shift and go to state 64
    OP_MENOS        shift and go to state 65
    OP_MULT         shift and go to state 66
    OP_DIV          shift and go to state 67
    OP_MENOR        shift and go to state 68
    OP_MENORIGUAL   shift and go to state 69
    OP_IGUAL        shift and go to state 70


state 118

    (28) expr -> WHILE expr LOOP expr . POOL
    (23) expr -> expr . ARROBA TIPO PONTO ID ABRE_PARENTESE expr_list FECHA_PARENTESE
    (24) expr -> expr . PONTO ID ABRE_PARENTESE expr_list FECHA_PARENTESE
    (48) expr -> expr . OP_MAIS expr
    (49) expr -> expr . OP_MENOS expr
    (50) expr -> expr . OP_MULT expr
    (51) expr -> expr . OP_DIV expr
    (53) expr -> expr . OP_MENOR expr
    (54) expr -> expr . OP_MENORIGUAL expr
    (55) expr -> expr . OP_IGUAL expr

    POOL            shift and go to state 131
    ARROBA          shift and go to state 62
    PONTO           shift and go to state 63
    OP_MAIS         shift and go to state 64
    OP_MENOS        shift and go to state 65
    OP_MULT         shift and go to state 66
    OP_DIV          shift and go to state 67
    OP_MENOR        shift and go to state 68
    OP_MENORIGUAL   shift and go to state 69
    OP_IGUAL        shift and go to state 70


state 119

    (30) expr_block_list -> expr_block_list expr PONTOEVIRGULA .

    FECHA_CHAVES    reduce using rule 30 (expr_block_list -> expr_block_list expr PONTOEVIRGULA .)
    error           reduce using rule 30 (expr_block_list -> expr_block_list expr PONTOEVIRGULA .)
    ID              reduce using rule 30 (expr_block_list -> expr_block_list expr PONTOEVIRGULA .)
    IF              reduce using rule 30 (expr_block_list -> expr_block_list expr PONTOEVIRGULA .)
    WHILE           reduce using rule 30 (expr_block_list -> expr_block_list expr PONTOEVIRGULA .)
    ABRE_CHAVES     reduce using rule 30 (expr_block_list -> expr_block_list expr PONTOEVIRGULA .)
    LET             reduce using rule 30 (expr_block_list -> expr_block_list expr PONTOEVIRGULA .)
    CASE            reduce using rule 30 (expr_block_list -> expr_block_list expr PONTOEVIRGULA .)
    NEW             reduce using rule 30 (expr_block_list -> expr_block_list expr PONTOEVIRGULA .)
    ISVOID          reduce using rule 30 (expr_block_list -> expr_block_list expr PONTOEVIRGULA .)
    NOT             reduce using rule 30 (expr_block_list -> expr_block_list expr PONTOEVIRGULA .)
    OP_NEGACAO      reduce using rule 30 (expr_block_list -> expr_block_list expr PONTOEVIRGULA .)
    ABRE_PARENTESE  reduce using rule 30 (expr_block_list -> expr_block_list expr PONTOEVIRGULA .)
    INTEIRO         reduce using rule 30 (expr_block_list -> expr_block_list expr PONTOEVIRGULA .)
    STRING          reduce using rule 30 (expr_block_list -> expr_block_list expr PONTOEVIRGULA .)
    TRUE            reduce using rule 30 (expr_block_list -> expr_block_list expr PONTOEVIRGULA .)
    FALSE           reduce using rule 30 (expr_block_list -> expr_block_list expr PONTOEVIRGULA .)
    REAL            reduce using rule 30 (expr_block_list -> expr_block_list expr PONTOEVIRGULA .)


state 120

    (32) expr_block_list -> expr_block_list error PONTOEVIRGULA .

    FECHA_CHAVES    reduce using rule 32 (expr_block_list -> expr_block_list error PONTOEVIRGULA .)
    error           reduce using rule 32 (expr_block_list -> expr_block_list error PONTOEVIRGULA .)
    ID              reduce using rule 32 (expr_block_list -> expr_block_list error PONTOEVIRGULA .)
    IF              reduce using rule 32 (expr_block_list -> expr_block_list error PONTOEVIRGULA .)
    WHILE           reduce using rule 32 (expr_block_list -> expr_block_list error PONTOEVIRGULA .)
    ABRE_CHAVES     reduce using rule 32 (expr_block_list -> expr_block_list error PONTOEVIRGULA .)
    LET             reduce using rule 32 (expr_block_list -> expr_block_list error PONTOEVIRGULA .)
    CASE            reduce using rule 32 (expr_block_list -> expr_block_list error PONTOEVIRGULA .)
    NEW             reduce using rule 32 (expr_block_list -> expr_block_list error PONTOEVIRGULA .)
    ISVOID          reduce using rule 32 (expr_block_list -> expr_block_list error PONTOEVIRGULA .)
    NOT             reduce using rule 32 (expr_block_list -> expr_block_list error PONTOEVIRGULA .)
    OP_NEGACAO      reduce using rule 32 (expr_block_list -> expr_block_list error PONTOEVIRGULA .)
    ABRE_PARENTESE  reduce using rule 32 (expr_block_list -> expr_block_list error PONTOEVIRGULA .)
    INTEIRO         reduce using rule 32 (expr_block_list -> expr_block_list error PONTOEVIRGULA .)
    STRING          reduce using rule 32 (expr_block_list -> expr_block_list error PONTOEVIRGULA .)
    TRUE            reduce using rule 32 (expr_block_list -> expr_block_list error PONTOEVIRGULA .)
    FALSE           reduce using rule 32 (expr_block_list -> expr_block_list error PONTOEVIRGULA .)
    REAL            reduce using rule 32 (expr_block_list -> expr_block_list error PONTOEVIRGULA .)


state 121

    (34) expr -> LET ID DOISPONTOS TIPO . OP_ATRIBUICAO expr expr_id_list IN expr
    (35) expr -> LET ID DOISPONTOS TIPO . expr_id_list IN expr
    (36) expr_id_list -> . expr_id_list VIRGULA ID DOISPONTOS TIPO OP_ATRIBUICAO expr
    (37) expr_id_list -> . expr_id_list VIRGULA ID DOISPONTOS TIPO
    (38) expr_id_list -> . epsilon
    (39) expr_id_list -> . error VIRGULA ID DOISPONTOS TIPO OP_ATRIBUICAO expr
    (40) expr_id_list -> . error VIRGULA ID DOISPONTOS TIPO
    (63) epsilon -> .

    OP_ATRIBUICAO   shift and go to state 132
    error           shift and go to state 135
    IN              reduce using rule 63 (epsilon -> .)
    VIRGULA         reduce using rule 63 (epsilon -> .)

    expr_id_list                   shift and go to state 133
    epsilon                        shift and go to state 134

state 122

    (41) expr -> CASE expr OF expr_case_list . ESAC
    (42) expr_case_list -> expr_case_list . ID DOISPONTOS TIPO SETA expr PONTOEVIRGULA
    (44) expr_case_list -> expr_case_list . ID DOISPONTOS TIPO SETA error PONTOEVIRGULA

    ESAC            shift and go to state 136
    ID              shift and go to state 137


state 123

    (43) expr_case_list -> ID . DOISPONTOS TIPO SETA expr PONTOEVIRGULA

    DOISPONTOS      shift and go to state 138


state 124

    (9) feature -> ID ABRE_PARENTESE formal_list FECHA_PARENTESE DOISPONTOS TIPO ABRE_CHAVES expr FECHA_CHAVES . PONTOEVIRGULA

    PONTOEVIRGULA   shift and go to state 139


state 125

    (12) feature -> ID ABRE_PARENTESE error FECHA_PARENTESE DOISPONTOS TIPO ABRE_CHAVES expr FECHA_CHAVES . PONTOEVIRGULA

    PONTOEVIRGULA   shift and go to state 140


state 126

    (18) expr_list -> expr_list VIRGULA expr .
    (23) expr -> expr . ARROBA TIPO PONTO ID ABRE_PARENTESE expr_list FECHA_PARENTESE
    (24) expr -> expr . PONTO ID ABRE_PARENTESE expr_list FECHA_PARENTESE
    (48) expr -> expr . OP_MAIS expr
    (49) expr -> expr . OP_MENOS expr
    (50) expr -> expr . OP_MULT expr
    (51) expr -> expr . OP_DIV expr
    (53) expr -> expr . OP_MENOR expr
    (54) expr -> expr . OP_MENORIGUAL expr
    (55) expr -> expr . OP_IGUAL expr

    FECHA_PARENTESE reduce using rule 18 (expr_list -> expr_list VIRGULA expr .)
    VIRGULA         reduce using rule 18 (expr_list -> expr_list VIRGULA expr .)
    ARROBA          shift and go to state 62
    PONTO           shift and go to state 63
    OP_MAIS         shift and go to state 64
    OP_MENOS        shift and go to state 65
    OP_MULT         shift and go to state 66
    OP_DIV          shift and go to state 67
    OP_MENOR        shift and go to state 68
    OP_MENORIGUAL   shift and go to state 69
    OP_IGUAL        shift and go to state 70


state 127

    (21) expr_list -> expr_list VIRGULA error .

    FECHA_PARENTESE reduce using rule 21 (expr_list -> expr_list VIRGULA error .)
    VIRGULA         reduce using rule 21 (expr_list -> expr_list VIRGULA error .)


state 128

    (23) expr -> expr ARROBA TIPO PONTO ID . ABRE_PARENTESE expr_list FECHA_PARENTESE

    ABRE_PARENTESE  shift and go to state 141


state 129

    (24) expr -> expr PONTO ID ABRE_PARENTESE expr_list . FECHA_PARENTESE
    (18) expr_list -> expr_list . VIRGULA expr
    (21) expr_list -> expr_list . VIRGULA error

    FECHA_PARENTESE shift and go to state 142
    VIRGULA         shift and go to state 113


state 130

    (27) expr -> IF expr THEN expr ELSE . expr FI
    (22) expr -> . ID OP_ATRIBUICAO expr
    (23) expr -> . expr ARROBA TIPO PONTO ID ABRE_PARENTESE expr_list FECHA_PARENTESE
    (24) expr -> . expr PONTO ID ABRE_PARENTESE expr_list FECHA_PARENTESE
    (25) expr -> . ID ABRE_PARENTESE expr_list FECHA_PARENTESE
    (26) expr -> . ID ABRE_PARENTESE error FECHA_PARENTESE
    (27) expr -> . IF expr THEN expr ELSE expr FI
    (28) expr -> . WHILE expr LOOP expr POOL
    (29) expr -> . ABRE_CHAVES expr_block_list FECHA_CHAVES
    (34) expr -> . LET ID DOISPONTOS TIPO OP_ATRIBUICAO expr expr_id_list IN expr
    (35) expr -> . LET ID DOISPONTOS TIPO expr_id_list IN expr
    (41) expr -> . CASE expr OF expr_case_list ESAC
    (45) expr -> . NEW TIPO
    (46) expr -> . ISVOID expr
    (47) expr -> . NOT expr
    (48) expr -> . expr OP_MAIS expr
    (49) expr -> . expr OP_MENOS expr
    (50) expr -> . expr OP_MULT expr
    (51) expr -> . expr OP_DIV expr
    (52) expr -> . OP_NEGACAO expr
    (53) expr -> . expr OP_MENOR expr
    (54) expr -> . expr OP_MENORIGUAL expr
    (55) expr -> . expr OP_IGUAL expr
    (56) expr -> . ABRE_PARENTESE expr FECHA_PARENTESE
    (57) expr -> . ID
    (58) expr -> . INTEIRO
    (59) expr -> . STRING
    (60) expr -> . TRUE
    (61) expr -> . FALSE
    (62) expr -> . REAL

    ID              shift and go to state 39
    IF              shift and go to state 43
    WHILE           shift and go to state 44
    ABRE_CHAVES     shift and go to state 45
    LET             shift and go to state 46
    CASE            shift and go to state 47
    NEW             shift and go to state 48
    ISVOID          shift and go to state 49
    NOT             shift and go to state 50
    OP_NEGACAO      shift and go to state 51
    ABRE_PARENTESE  shift and go to state 42
    INTEIRO         shift and go to state 52
    STRING          shift and go to state 53
    TRUE            shift and go to state 54
    FALSE           shift and go to state 55
    REAL            shift and go to state 56

    expr                           shift and go to state 143

state 131

    (28) expr -> WHILE expr LOOP expr POOL .

    PONTOEVIRGULA   reduce using rule 28 (expr -> WHILE expr LOOP expr POOL .)
    ARROBA          reduce using rule 28 (expr -> WHILE expr LOOP expr POOL .)
    PONTO           reduce using rule 28 (expr -> WHILE expr LOOP expr POOL .)
    OP_MAIS         reduce using rule 28 (expr -> WHILE expr LOOP expr POOL .)
    OP_MENOS        reduce using rule 28 (expr -> WHILE expr LOOP expr POOL .)
    OP_MULT         reduce using rule 28 (expr -> WHILE expr LOOP expr POOL .)
    OP_DIV          reduce using rule 28 (expr -> WHILE expr LOOP expr POOL .)
    OP_MENOR        reduce using rule 28 (expr -> WHILE expr LOOP expr POOL .)
    OP_MENORIGUAL   reduce using rule 28 (expr -> WHILE expr LOOP expr POOL .)
    OP_IGUAL        reduce using rule 28 (expr -> WHILE expr LOOP expr POOL .)
    FECHA_PARENTESE reduce using rule 28 (expr -> WHILE expr LOOP expr POOL .)
    THEN            reduce using rule 28 (expr -> WHILE expr LOOP expr POOL .)
    LOOP            reduce using rule 28 (expr -> WHILE expr LOOP expr POOL .)
    OF              reduce using rule 28 (expr -> WHILE expr LOOP expr POOL .)
    VIRGULA         reduce using rule 28 (expr -> WHILE expr LOOP expr POOL .)
    FECHA_CHAVES    reduce using rule 28 (expr -> WHILE expr LOOP expr POOL .)
    ELSE            reduce using rule 28 (expr -> WHILE expr LOOP expr POOL .)
    POOL            reduce using rule 28 (expr -> WHILE expr LOOP expr POOL .)
    FI              reduce using rule 28 (expr -> WHILE expr LOOP expr POOL .)
    error           reduce using rule 28 (expr -> WHILE expr LOOP expr POOL .)
    IN              reduce using rule 28 (expr -> WHILE expr LOOP expr POOL .)


state 132

    (34) expr -> LET ID DOISPONTOS TIPO OP_ATRIBUICAO . expr expr_id_list IN expr
    (22) expr -> . ID OP_ATRIBUICAO expr
    (23) expr -> . expr ARROBA TIPO PONTO ID ABRE_PARENTESE expr_list FECHA_PARENTESE
    (24) expr -> . expr PONTO ID ABRE_PARENTESE expr_list FECHA_PARENTESE
    (25) expr -> . ID ABRE_PARENTESE expr_list FECHA_PARENTESE
    (26) expr -> . ID ABRE_PARENTESE error FECHA_PARENTESE
    (27) expr -> . IF expr THEN expr ELSE expr FI
    (28) expr -> . WHILE expr LOOP expr POOL
    (29) expr -> . ABRE_CHAVES expr_block_list FECHA_CHAVES
    (34) expr -> . LET ID DOISPONTOS TIPO OP_ATRIBUICAO expr expr_id_list IN expr
    (35) expr -> . LET ID DOISPONTOS TIPO expr_id_list IN expr
    (41) expr -> . CASE expr OF expr_case_list ESAC
    (45) expr -> . NEW TIPO
    (46) expr -> . ISVOID expr
    (47) expr -> . NOT expr
    (48) expr -> . expr OP_MAIS expr
    (49) expr -> . expr OP_MENOS expr
    (50) expr -> . expr OP_MULT expr
    (51) expr -> . expr OP_DIV expr
    (52) expr -> . OP_NEGACAO expr
    (53) expr -> . expr OP_MENOR expr
    (54) expr -> . expr OP_MENORIGUAL expr
    (55) expr -> . expr OP_IGUAL expr
    (56) expr -> . ABRE_PARENTESE expr FECHA_PARENTESE
    (57) expr -> . ID
    (58) expr -> . INTEIRO
    (59) expr -> . STRING
    (60) expr -> . TRUE
    (61) expr -> . FALSE
    (62) expr -> . REAL

    ID              shift and go to state 39
    IF              shift and go to state 43
    WHILE           shift and go to state 44
    ABRE_CHAVES     shift and go to state 45
    LET             shift and go to state 46
    CASE            shift and go to state 47
    NEW             shift and go to state 48
    ISVOID          shift and go to state 49
    NOT             shift and go to state 50
    OP_NEGACAO      shift and go to state 51
    ABRE_PARENTESE  shift and go to state 42
    INTEIRO         shift and go to state 52
    STRING          shift and go to state 53
    TRUE            shift and go to state 54
    FALSE           shift and go to state 55
    REAL            shift and go to state 56

    expr                           shift and go to state 144

state 133

    (35) expr -> LET ID DOISPONTOS TIPO expr_id_list . IN expr
    (36) expr_id_list -> expr_id_list . VIRGULA ID DOISPONTOS TIPO OP_ATRIBUICAO expr
    (37) expr_id_list -> expr_id_list . VIRGULA ID DOISPONTOS TIPO

    IN              shift and go to state 145
    VIRGULA         shift and go to state 146


state 134

    (38) expr_id_list -> epsilon .

    IN              reduce using rule 38 (expr_id_list -> epsilon .)
    VIRGULA         reduce using rule 38 (expr_id_list -> epsilon .)


state 135

    (39) expr_id_list -> error . VIRGULA ID DOISPONTOS TIPO OP_ATRIBUICAO expr
    (40) expr_id_list -> error . VIRGULA ID DOISPONTOS TIPO

    VIRGULA         shift and go to state 147


state 136

    (41) expr -> CASE expr OF expr_case_list ESAC .

    PONTOEVIRGULA   reduce using rule 41 (expr -> CASE expr OF expr_case_list ESAC .)
    ARROBA          reduce using rule 41 (expr -> CASE expr OF expr_case_list ESAC .)
    PONTO           reduce using rule 41 (expr -> CASE expr OF expr_case_list ESAC .)
    OP_MAIS         reduce using rule 41 (expr -> CASE expr OF expr_case_list ESAC .)
    OP_MENOS        reduce using rule 41 (expr -> CASE expr OF expr_case_list ESAC .)
    OP_MULT         reduce using rule 41 (expr -> CASE expr OF expr_case_list ESAC .)
    OP_DIV          reduce using rule 41 (expr -> CASE expr OF expr_case_list ESAC .)
    OP_MENOR        reduce using rule 41 (expr -> CASE expr OF expr_case_list ESAC .)
    OP_MENORIGUAL   reduce using rule 41 (expr -> CASE expr OF expr_case_list ESAC .)
    OP_IGUAL        reduce using rule 41 (expr -> CASE expr OF expr_case_list ESAC .)
    FECHA_PARENTESE reduce using rule 41 (expr -> CASE expr OF expr_case_list ESAC .)
    THEN            reduce using rule 41 (expr -> CASE expr OF expr_case_list ESAC .)
    LOOP            reduce using rule 41 (expr -> CASE expr OF expr_case_list ESAC .)
    OF              reduce using rule 41 (expr -> CASE expr OF expr_case_list ESAC .)
    VIRGULA         reduce using rule 41 (expr -> CASE expr OF expr_case_list ESAC .)
    FECHA_CHAVES    reduce using rule 41 (expr -> CASE expr OF expr_case_list ESAC .)
    ELSE            reduce using rule 41 (expr -> CASE expr OF expr_case_list ESAC .)
    POOL            reduce using rule 41 (expr -> CASE expr OF expr_case_list ESAC .)
    FI              reduce using rule 41 (expr -> CASE expr OF expr_case_list ESAC .)
    error           reduce using rule 41 (expr -> CASE expr OF expr_case_list ESAC .)
    IN              reduce using rule 41 (expr -> CASE expr OF expr_case_list ESAC .)


state 137

    (42) expr_case_list -> expr_case_list ID . DOISPONTOS TIPO SETA expr PONTOEVIRGULA
    (44) expr_case_list -> expr_case_list ID . DOISPONTOS TIPO SETA error PONTOEVIRGULA

    DOISPONTOS      shift and go to state 148


state 138

    (43) expr_case_list -> ID DOISPONTOS . TIPO SETA expr PONTOEVIRGULA

    TIPO            shift and go to state 149


state 139

    (9) feature -> ID ABRE_PARENTESE formal_list FECHA_PARENTESE DOISPONTOS TIPO ABRE_CHAVES expr FECHA_CHAVES PONTOEVIRGULA .

    FECHA_CHAVES    reduce using rule 9 (feature -> ID ABRE_PARENTESE formal_list FECHA_PARENTESE DOISPONTOS TIPO ABRE_CHAVES expr FECHA_CHAVES PONTOEVIRGULA .)
    ID              reduce using rule 9 (feature -> ID ABRE_PARENTESE formal_list FECHA_PARENTESE DOISPONTOS TIPO ABRE_CHAVES expr FECHA_CHAVES PONTOEVIRGULA .)


state 140

    (12) feature -> ID ABRE_PARENTESE error FECHA_PARENTESE DOISPONTOS TIPO ABRE_CHAVES expr FECHA_CHAVES PONTOEVIRGULA .

    FECHA_CHAVES    reduce using rule 12 (feature -> ID ABRE_PARENTESE error FECHA_PARENTESE DOISPONTOS TIPO ABRE_CHAVES expr FECHA_CHAVES PONTOEVIRGULA .)
    ID              reduce using rule 12 (feature -> ID ABRE_PARENTESE error FECHA_PARENTESE DOISPONTOS TIPO ABRE_CHAVES expr FECHA_CHAVES PONTOEVIRGULA .)


state 141

    (23) expr -> expr ARROBA TIPO PONTO ID ABRE_PARENTESE . expr_list FECHA_PARENTESE
    (18) expr_list -> . expr_list VIRGULA expr
    (19) expr_list -> . expr
    (20) expr_list -> . epsilon
    (21) expr_list -> . expr_list VIRGULA error
    (22) expr -> . ID OP_ATRIBUICAO expr
    (23) expr -> . expr ARROBA TIPO PONTO ID ABRE_PARENTESE expr_list FECHA_PARENTESE
    (24) expr -> . expr PONTO ID ABRE_PARENTESE expr_list FECHA_PARENTESE
    (25) expr -> . ID ABRE_PARENTESE expr_list FECHA_PARENTESE
    (26) expr -> . ID ABRE_PARENTESE error FECHA_PARENTESE
    (27) expr -> . IF expr THEN expr ELSE expr FI
    (28) expr -> . WHILE expr LOOP expr POOL
    (29) expr -> . ABRE_CHAVES expr_block_list FECHA_CHAVES
    (34) expr -> . LET ID DOISPONTOS TIPO OP_ATRIBUICAO expr expr_id_list IN expr
    (35) expr -> . LET ID DOISPONTOS TIPO expr_id_list IN expr
    (41) expr -> . CASE expr OF expr_case_list ESAC
    (45) expr -> . NEW TIPO
    (46) expr -> . ISVOID expr
    (47) expr -> . NOT expr
    (48) expr -> . expr OP_MAIS expr
    (49) expr -> . expr OP_MENOS expr
    (50) expr -> . expr OP_MULT expr
    (51) expr -> . expr OP_DIV expr
    (52) expr -> . OP_NEGACAO expr
    (53) expr -> . expr OP_MENOR expr
    (54) expr -> . expr OP_MENORIGUAL expr
    (55) expr -> . expr OP_IGUAL expr
    (56) expr -> . ABRE_PARENTESE expr FECHA_PARENTESE
    (57) expr -> . ID
    (58) expr -> . INTEIRO
    (59) expr -> . STRING
    (60) expr -> . TRUE
    (61) expr -> . FALSE
    (62) expr -> . REAL
    (63) epsilon -> .

    ID              shift and go to state 39
    IF              shift and go to state 43
    WHILE           shift and go to state 44
    ABRE_CHAVES     shift and go to state 45
    LET             shift and go to state 46
    CASE            shift and go to state 47
    NEW             shift and go to state 48
    ISVOID          shift and go to state 49
    NOT             shift and go to state 50
    OP_NEGACAO      shift and go to state 51
    ABRE_PARENTESE  shift and go to state 42
    INTEIRO         shift and go to state 52
    STRING          shift and go to state 53
    TRUE            shift and go to state 54
    FALSE           shift and go to state 55
    REAL            shift and go to state 56
    FECHA_PARENTESE reduce using rule 63 (epsilon -> .)
    VIRGULA         reduce using rule 63 (epsilon -> .)

    expr                           shift and go to state 89
    expr_list                      shift and go to state 150
    epsilon                        shift and go to state 90

state 142

    (24) expr -> expr PONTO ID ABRE_PARENTESE expr_list FECHA_PARENTESE .

    PONTOEVIRGULA   reduce using rule 24 (expr -> expr PONTO ID ABRE_PARENTESE expr_list FECHA_PARENTESE .)
    ARROBA          reduce using rule 24 (expr -> expr PONTO ID ABRE_PARENTESE expr_list FECHA_PARENTESE .)
    PONTO           reduce using rule 24 (expr -> expr PONTO ID ABRE_PARENTESE expr_list FECHA_PARENTESE .)
    OP_MAIS         reduce using rule 24 (expr -> expr PONTO ID ABRE_PARENTESE expr_list FECHA_PARENTESE .)
    OP_MENOS        reduce using rule 24 (expr -> expr PONTO ID ABRE_PARENTESE expr_list FECHA_PARENTESE .)
    OP_MULT         reduce using rule 24 (expr -> expr PONTO ID ABRE_PARENTESE expr_list FECHA_PARENTESE .)
    OP_DIV          reduce using rule 24 (expr -> expr PONTO ID ABRE_PARENTESE expr_list FECHA_PARENTESE .)
    OP_MENOR        reduce using rule 24 (expr -> expr PONTO ID ABRE_PARENTESE expr_list FECHA_PARENTESE .)
    OP_MENORIGUAL   reduce using rule 24 (expr -> expr PONTO ID ABRE_PARENTESE expr_list FECHA_PARENTESE .)
    OP_IGUAL        reduce using rule 24 (expr -> expr PONTO ID ABRE_PARENTESE expr_list FECHA_PARENTESE .)
    FECHA_PARENTESE reduce using rule 24 (expr -> expr PONTO ID ABRE_PARENTESE expr_list FECHA_PARENTESE .)
    THEN            reduce using rule 24 (expr -> expr PONTO ID ABRE_PARENTESE expr_list FECHA_PARENTESE .)
    LOOP            reduce using rule 24 (expr -> expr PONTO ID ABRE_PARENTESE expr_list FECHA_PARENTESE .)
    OF              reduce using rule 24 (expr -> expr PONTO ID ABRE_PARENTESE expr_list FECHA_PARENTESE .)
    VIRGULA         reduce using rule 24 (expr -> expr PONTO ID ABRE_PARENTESE expr_list FECHA_PARENTESE .)
    FECHA_CHAVES    reduce using rule 24 (expr -> expr PONTO ID ABRE_PARENTESE expr_list FECHA_PARENTESE .)
    ELSE            reduce using rule 24 (expr -> expr PONTO ID ABRE_PARENTESE expr_list FECHA_PARENTESE .)
    POOL            reduce using rule 24 (expr -> expr PONTO ID ABRE_PARENTESE expr_list FECHA_PARENTESE .)
    FI              reduce using rule 24 (expr -> expr PONTO ID ABRE_PARENTESE expr_list FECHA_PARENTESE .)
    error           reduce using rule 24 (expr -> expr PONTO ID ABRE_PARENTESE expr_list FECHA_PARENTESE .)
    IN              reduce using rule 24 (expr -> expr PONTO ID ABRE_PARENTESE expr_list FECHA_PARENTESE .)


state 143

    (27) expr -> IF expr THEN expr ELSE expr . FI
    (23) expr -> expr . ARROBA TIPO PONTO ID ABRE_PARENTESE expr_list FECHA_PARENTESE
    (24) expr -> expr . PONTO ID ABRE_PARENTESE expr_list FECHA_PARENTESE
    (48) expr -> expr . OP_MAIS expr
    (49) expr -> expr . OP_MENOS expr
    (50) expr -> expr . OP_MULT expr
    (51) expr -> expr . OP_DIV expr
    (53) expr -> expr . OP_MENOR expr
    (54) expr -> expr . OP_MENORIGUAL expr
    (55) expr -> expr . OP_IGUAL expr

    FI              shift and go to state 151
    ARROBA          shift and go to state 62
    PONTO           shift and go to state 63
    OP_MAIS         shift and go to state 64
    OP_MENOS        shift and go to state 65
    OP_MULT         shift and go to state 66
    OP_DIV          shift and go to state 67
    OP_MENOR        shift and go to state 68
    OP_MENORIGUAL   shift and go to state 69
    OP_IGUAL        shift and go to state 70


state 144

    (34) expr -> LET ID DOISPONTOS TIPO OP_ATRIBUICAO expr . expr_id_list IN expr
    (23) expr -> expr . ARROBA TIPO PONTO ID ABRE_PARENTESE expr_list FECHA_PARENTESE
    (24) expr -> expr . PONTO ID ABRE_PARENTESE expr_list FECHA_PARENTESE
    (48) expr -> expr . OP_MAIS expr
    (49) expr -> expr . OP_MENOS expr
    (50) expr -> expr . OP_MULT expr
    (51) expr -> expr . OP_DIV expr
    (53) expr -> expr . OP_MENOR expr
    (54) expr -> expr . OP_MENORIGUAL expr
    (55) expr -> expr . OP_IGUAL expr
    (36) expr_id_list -> . expr_id_list VIRGULA ID DOISPONTOS TIPO OP_ATRIBUICAO expr
    (37) expr_id_list -> . expr_id_list VIRGULA ID DOISPONTOS TIPO
    (38) expr_id_list -> . epsilon
    (39) expr_id_list -> . error VIRGULA ID DOISPONTOS TIPO OP_ATRIBUICAO expr
    (40) expr_id_list -> . error VIRGULA ID DOISPONTOS TIPO
    (63) epsilon -> .

    ARROBA          shift and go to state 62
    PONTO           shift and go to state 63
    OP_MAIS         shift and go to state 64
    OP_MENOS        shift and go to state 65
    OP_MULT         shift and go to state 66
    OP_DIV          shift and go to state 67
    OP_MENOR        shift and go to state 68
    OP_MENORIGUAL   shift and go to state 69
    OP_IGUAL        shift and go to state 70
    error           shift and go to state 135
    IN              reduce using rule 63 (epsilon -> .)
    VIRGULA         reduce using rule 63 (epsilon -> .)

    expr_id_list                   shift and go to state 152
    epsilon                        shift and go to state 134

state 145

    (35) expr -> LET ID DOISPONTOS TIPO expr_id_list IN . expr
    (22) expr -> . ID OP_ATRIBUICAO expr
    (23) expr -> . expr ARROBA TIPO PONTO ID ABRE_PARENTESE expr_list FECHA_PARENTESE
    (24) expr -> . expr PONTO ID ABRE_PARENTESE expr_list FECHA_PARENTESE
    (25) expr -> . ID ABRE_PARENTESE expr_list FECHA_PARENTESE
    (26) expr -> . ID ABRE_PARENTESE error FECHA_PARENTESE
    (27) expr -> . IF expr THEN expr ELSE expr FI
    (28) expr -> . WHILE expr LOOP expr POOL
    (29) expr -> . ABRE_CHAVES expr_block_list FECHA_CHAVES
    (34) expr -> . LET ID DOISPONTOS TIPO OP_ATRIBUICAO expr expr_id_list IN expr
    (35) expr -> . LET ID DOISPONTOS TIPO expr_id_list IN expr
    (41) expr -> . CASE expr OF expr_case_list ESAC
    (45) expr -> . NEW TIPO
    (46) expr -> . ISVOID expr
    (47) expr -> . NOT expr
    (48) expr -> . expr OP_MAIS expr
    (49) expr -> . expr OP_MENOS expr
    (50) expr -> . expr OP_MULT expr
    (51) expr -> . expr OP_DIV expr
    (52) expr -> . OP_NEGACAO expr
    (53) expr -> . expr OP_MENOR expr
    (54) expr -> . expr OP_MENORIGUAL expr
    (55) expr -> . expr OP_IGUAL expr
    (56) expr -> . ABRE_PARENTESE expr FECHA_PARENTESE
    (57) expr -> . ID
    (58) expr -> . INTEIRO
    (59) expr -> . STRING
    (60) expr -> . TRUE
    (61) expr -> . FALSE
    (62) expr -> . REAL

    ID              shift and go to state 39
    IF              shift and go to state 43
    WHILE           shift and go to state 44
    ABRE_CHAVES     shift and go to state 45
    LET             shift and go to state 46
    CASE            shift and go to state 47
    NEW             shift and go to state 48
    ISVOID          shift and go to state 49
    NOT             shift and go to state 50
    OP_NEGACAO      shift and go to state 51
    ABRE_PARENTESE  shift and go to state 42
    INTEIRO         shift and go to state 52
    STRING          shift and go to state 53
    TRUE            shift and go to state 54
    FALSE           shift and go to state 55
    REAL            shift and go to state 56

    expr                           shift and go to state 153

state 146

    (36) expr_id_list -> expr_id_list VIRGULA . ID DOISPONTOS TIPO OP_ATRIBUICAO expr
    (37) expr_id_list -> expr_id_list VIRGULA . ID DOISPONTOS TIPO

    ID              shift and go to state 154


state 147

    (39) expr_id_list -> error VIRGULA . ID DOISPONTOS TIPO OP_ATRIBUICAO expr
    (40) expr_id_list -> error VIRGULA . ID DOISPONTOS TIPO

    ID              shift and go to state 155


state 148

    (42) expr_case_list -> expr_case_list ID DOISPONTOS . TIPO SETA expr PONTOEVIRGULA
    (44) expr_case_list -> expr_case_list ID DOISPONTOS . TIPO SETA error PONTOEVIRGULA

    TIPO            shift and go to state 156


state 149

    (43) expr_case_list -> ID DOISPONTOS TIPO . SETA expr PONTOEVIRGULA

    SETA            shift and go to state 157


state 150

    (23) expr -> expr ARROBA TIPO PONTO ID ABRE_PARENTESE expr_list . FECHA_PARENTESE
    (18) expr_list -> expr_list . VIRGULA expr
    (21) expr_list -> expr_list . VIRGULA error

    FECHA_PARENTESE shift and go to state 158
    VIRGULA         shift and go to state 113


state 151

    (27) expr -> IF expr THEN expr ELSE expr FI .

    PONTOEVIRGULA   reduce using rule 27 (expr -> IF expr THEN expr ELSE expr FI .)
    ARROBA          reduce using rule 27 (expr -> IF expr THEN expr ELSE expr FI .)
    PONTO           reduce using rule 27 (expr -> IF expr THEN expr ELSE expr FI .)
    OP_MAIS         reduce using rule 27 (expr -> IF expr THEN expr ELSE expr FI .)
    OP_MENOS        reduce using rule 27 (expr -> IF expr THEN expr ELSE expr FI .)
    OP_MULT         reduce using rule 27 (expr -> IF expr THEN expr ELSE expr FI .)
    OP_DIV          reduce using rule 27 (expr -> IF expr THEN expr ELSE expr FI .)
    OP_MENOR        reduce using rule 27 (expr -> IF expr THEN expr ELSE expr FI .)
    OP_MENORIGUAL   reduce using rule 27 (expr -> IF expr THEN expr ELSE expr FI .)
    OP_IGUAL        reduce using rule 27 (expr -> IF expr THEN expr ELSE expr FI .)
    FECHA_PARENTESE reduce using rule 27 (expr -> IF expr THEN expr ELSE expr FI .)
    THEN            reduce using rule 27 (expr -> IF expr THEN expr ELSE expr FI .)
    LOOP            reduce using rule 27 (expr -> IF expr THEN expr ELSE expr FI .)
    OF              reduce using rule 27 (expr -> IF expr THEN expr ELSE expr FI .)
    VIRGULA         reduce using rule 27 (expr -> IF expr THEN expr ELSE expr FI .)
    FECHA_CHAVES    reduce using rule 27 (expr -> IF expr THEN expr ELSE expr FI .)
    ELSE            reduce using rule 27 (expr -> IF expr THEN expr ELSE expr FI .)
    POOL            reduce using rule 27 (expr -> IF expr THEN expr ELSE expr FI .)
    FI              reduce using rule 27 (expr -> IF expr THEN expr ELSE expr FI .)
    error           reduce using rule 27 (expr -> IF expr THEN expr ELSE expr FI .)
    IN              reduce using rule 27 (expr -> IF expr THEN expr ELSE expr FI .)


state 152

    (34) expr -> LET ID DOISPONTOS TIPO OP_ATRIBUICAO expr expr_id_list . IN expr
    (36) expr_id_list -> expr_id_list . VIRGULA ID DOISPONTOS TIPO OP_ATRIBUICAO expr
    (37) expr_id_list -> expr_id_list . VIRGULA ID DOISPONTOS TIPO

    IN              shift and go to state 159
    VIRGULA         shift and go to state 146


state 153

    (35) expr -> LET ID DOISPONTOS TIPO expr_id_list IN expr .
    (23) expr -> expr . ARROBA TIPO PONTO ID ABRE_PARENTESE expr_list FECHA_PARENTESE
    (24) expr -> expr . PONTO ID ABRE_PARENTESE expr_list FECHA_PARENTESE
    (48) expr -> expr . OP_MAIS expr
    (49) expr -> expr . OP_MENOS expr
    (50) expr -> expr . OP_MULT expr
    (51) expr -> expr . OP_DIV expr
    (53) expr -> expr . OP_MENOR expr
    (54) expr -> expr . OP_MENORIGUAL expr
    (55) expr -> expr . OP_IGUAL expr

  ! shift/reduce conflict for ARROBA resolved as shift
  ! shift/reduce conflict for PONTO resolved as shift
  ! shift/reduce conflict for OP_MAIS resolved as shift
  ! shift/reduce conflict for OP_MENOS resolved as shift
  ! shift/reduce conflict for OP_MULT resolved as shift
  ! shift/reduce conflict for OP_DIV resolved as shift
  ! shift/reduce conflict for OP_MENOR resolved as shift
  ! shift/reduce conflict for OP_MENORIGUAL resolved as shift
  ! shift/reduce conflict for OP_IGUAL resolved as shift
    PONTOEVIRGULA   reduce using rule 35 (expr -> LET ID DOISPONTOS TIPO expr_id_list IN expr .)
    FECHA_PARENTESE reduce using rule 35 (expr -> LET ID DOISPONTOS TIPO expr_id_list IN expr .)
    THEN            reduce using rule 35 (expr -> LET ID DOISPONTOS TIPO expr_id_list IN expr .)
    LOOP            reduce using rule 35 (expr -> LET ID DOISPONTOS TIPO expr_id_list IN expr .)
    OF              reduce using rule 35 (expr -> LET ID DOISPONTOS TIPO expr_id_list IN expr .)
    VIRGULA         reduce using rule 35 (expr -> LET ID DOISPONTOS TIPO expr_id_list IN expr .)
    FECHA_CHAVES    reduce using rule 35 (expr -> LET ID DOISPONTOS TIPO expr_id_list IN expr .)
    ELSE            reduce using rule 35 (expr -> LET ID DOISPONTOS TIPO expr_id_list IN expr .)
    POOL            reduce using rule 35 (expr -> LET ID DOISPONTOS TIPO expr_id_list IN expr .)
    FI              reduce using rule 35 (expr -> LET ID DOISPONTOS TIPO expr_id_list IN expr .)
    error           reduce using rule 35 (expr -> LET ID DOISPONTOS TIPO expr_id_list IN expr .)
    IN              reduce using rule 35 (expr -> LET ID DOISPONTOS TIPO expr_id_list IN expr .)
    ARROBA          shift and go to state 62
    PONTO           shift and go to state 63
    OP_MAIS         shift and go to state 64
    OP_MENOS        shift and go to state 65
    OP_MULT         shift and go to state 66
    OP_DIV          shift and go to state 67
    OP_MENOR        shift and go to state 68
    OP_MENORIGUAL   shift and go to state 69
    OP_IGUAL        shift and go to state 70

  ! ARROBA          [ reduce using rule 35 (expr -> LET ID DOISPONTOS TIPO expr_id_list IN expr .) ]
  ! PONTO           [ reduce using rule 35 (expr -> LET ID DOISPONTOS TIPO expr_id_list IN expr .) ]
  ! OP_MAIS         [ reduce using rule 35 (expr -> LET ID DOISPONTOS TIPO expr_id_list IN expr .) ]
  ! OP_MENOS        [ reduce using rule 35 (expr -> LET ID DOISPONTOS TIPO expr_id_list IN expr .) ]
  ! OP_MULT         [ reduce using rule 35 (expr -> LET ID DOISPONTOS TIPO expr_id_list IN expr .) ]
  ! OP_DIV          [ reduce using rule 35 (expr -> LET ID DOISPONTOS TIPO expr_id_list IN expr .) ]
  ! OP_MENOR        [ reduce using rule 35 (expr -> LET ID DOISPONTOS TIPO expr_id_list IN expr .) ]
  ! OP_MENORIGUAL   [ reduce using rule 35 (expr -> LET ID DOISPONTOS TIPO expr_id_list IN expr .) ]
  ! OP_IGUAL        [ reduce using rule 35 (expr -> LET ID DOISPONTOS TIPO expr_id_list IN expr .) ]


state 154

    (36) expr_id_list -> expr_id_list VIRGULA ID . DOISPONTOS TIPO OP_ATRIBUICAO expr
    (37) expr_id_list -> expr_id_list VIRGULA ID . DOISPONTOS TIPO

    DOISPONTOS      shift and go to state 160


state 155

    (39) expr_id_list -> error VIRGULA ID . DOISPONTOS TIPO OP_ATRIBUICAO expr
    (40) expr_id_list -> error VIRGULA ID . DOISPONTOS TIPO

    DOISPONTOS      shift and go to state 161


state 156

    (42) expr_case_list -> expr_case_list ID DOISPONTOS TIPO . SETA expr PONTOEVIRGULA
    (44) expr_case_list -> expr_case_list ID DOISPONTOS TIPO . SETA error PONTOEVIRGULA

    SETA            shift and go to state 162


state 157

    (43) expr_case_list -> ID DOISPONTOS TIPO SETA . expr PONTOEVIRGULA
    (22) expr -> . ID OP_ATRIBUICAO expr
    (23) expr -> . expr ARROBA TIPO PONTO ID ABRE_PARENTESE expr_list FECHA_PARENTESE
    (24) expr -> . expr PONTO ID ABRE_PARENTESE expr_list FECHA_PARENTESE
    (25) expr -> . ID ABRE_PARENTESE expr_list FECHA_PARENTESE
    (26) expr -> . ID ABRE_PARENTESE error FECHA_PARENTESE
    (27) expr -> . IF expr THEN expr ELSE expr FI
    (28) expr -> . WHILE expr LOOP expr POOL
    (29) expr -> . ABRE_CHAVES expr_block_list FECHA_CHAVES
    (34) expr -> . LET ID DOISPONTOS TIPO OP_ATRIBUICAO expr expr_id_list IN expr
    (35) expr -> . LET ID DOISPONTOS TIPO expr_id_list IN expr
    (41) expr -> . CASE expr OF expr_case_list ESAC
    (45) expr -> . NEW TIPO
    (46) expr -> . ISVOID expr
    (47) expr -> . NOT expr
    (48) expr -> . expr OP_MAIS expr
    (49) expr -> . expr OP_MENOS expr
    (50) expr -> . expr OP_MULT expr
    (51) expr -> . expr OP_DIV expr
    (52) expr -> . OP_NEGACAO expr
    (53) expr -> . expr OP_MENOR expr
    (54) expr -> . expr OP_MENORIGUAL expr
    (55) expr -> . expr OP_IGUAL expr
    (56) expr -> . ABRE_PARENTESE expr FECHA_PARENTESE
    (57) expr -> . ID
    (58) expr -> . INTEIRO
    (59) expr -> . STRING
    (60) expr -> . TRUE
    (61) expr -> . FALSE
    (62) expr -> . REAL

    ID              shift and go to state 39
    IF              shift and go to state 43
    WHILE           shift and go to state 44
    ABRE_CHAVES     shift and go to state 45
    LET             shift and go to state 46
    CASE            shift and go to state 47
    NEW             shift and go to state 48
    ISVOID          shift and go to state 49
    NOT             shift and go to state 50
    OP_NEGACAO      shift and go to state 51
    ABRE_PARENTESE  shift and go to state 42
    INTEIRO         shift and go to state 52
    STRING          shift and go to state 53
    TRUE            shift and go to state 54
    FALSE           shift and go to state 55
    REAL            shift and go to state 56

    expr                           shift and go to state 163

state 158

    (23) expr -> expr ARROBA TIPO PONTO ID ABRE_PARENTESE expr_list FECHA_PARENTESE .

    PONTOEVIRGULA   reduce using rule 23 (expr -> expr ARROBA TIPO PONTO ID ABRE_PARENTESE expr_list FECHA_PARENTESE .)
    ARROBA          reduce using rule 23 (expr -> expr ARROBA TIPO PONTO ID ABRE_PARENTESE expr_list FECHA_PARENTESE .)
    PONTO           reduce using rule 23 (expr -> expr ARROBA TIPO PONTO ID ABRE_PARENTESE expr_list FECHA_PARENTESE .)
    OP_MAIS         reduce using rule 23 (expr -> expr ARROBA TIPO PONTO ID ABRE_PARENTESE expr_list FECHA_PARENTESE .)
    OP_MENOS        reduce using rule 23 (expr -> expr ARROBA TIPO PONTO ID ABRE_PARENTESE expr_list FECHA_PARENTESE .)
    OP_MULT         reduce using rule 23 (expr -> expr ARROBA TIPO PONTO ID ABRE_PARENTESE expr_list FECHA_PARENTESE .)
    OP_DIV          reduce using rule 23 (expr -> expr ARROBA TIPO PONTO ID ABRE_PARENTESE expr_list FECHA_PARENTESE .)
    OP_MENOR        reduce using rule 23 (expr -> expr ARROBA TIPO PONTO ID ABRE_PARENTESE expr_list FECHA_PARENTESE .)
    OP_MENORIGUAL   reduce using rule 23 (expr -> expr ARROBA TIPO PONTO ID ABRE_PARENTESE expr_list FECHA_PARENTESE .)
    OP_IGUAL        reduce using rule 23 (expr -> expr ARROBA TIPO PONTO ID ABRE_PARENTESE expr_list FECHA_PARENTESE .)
    FECHA_PARENTESE reduce using rule 23 (expr -> expr ARROBA TIPO PONTO ID ABRE_PARENTESE expr_list FECHA_PARENTESE .)
    THEN            reduce using rule 23 (expr -> expr ARROBA TIPO PONTO ID ABRE_PARENTESE expr_list FECHA_PARENTESE .)
    LOOP            reduce using rule 23 (expr -> expr ARROBA TIPO PONTO ID ABRE_PARENTESE expr_list FECHA_PARENTESE .)
    OF              reduce using rule 23 (expr -> expr ARROBA TIPO PONTO ID ABRE_PARENTESE expr_list FECHA_PARENTESE .)
    VIRGULA         reduce using rule 23 (expr -> expr ARROBA TIPO PONTO ID ABRE_PARENTESE expr_list FECHA_PARENTESE .)
    FECHA_CHAVES    reduce using rule 23 (expr -> expr ARROBA TIPO PONTO ID ABRE_PARENTESE expr_list FECHA_PARENTESE .)
    ELSE            reduce using rule 23 (expr -> expr ARROBA TIPO PONTO ID ABRE_PARENTESE expr_list FECHA_PARENTESE .)
    POOL            reduce using rule 23 (expr -> expr ARROBA TIPO PONTO ID ABRE_PARENTESE expr_list FECHA_PARENTESE .)
    FI              reduce using rule 23 (expr -> expr ARROBA TIPO PONTO ID ABRE_PARENTESE expr_list FECHA_PARENTESE .)
    error           reduce using rule 23 (expr -> expr ARROBA TIPO PONTO ID ABRE_PARENTESE expr_list FECHA_PARENTESE .)
    IN              reduce using rule 23 (expr -> expr ARROBA TIPO PONTO ID ABRE_PARENTESE expr_list FECHA_PARENTESE .)


state 159

    (34) expr -> LET ID DOISPONTOS TIPO OP_ATRIBUICAO expr expr_id_list IN . expr
    (22) expr -> . ID OP_ATRIBUICAO expr
    (23) expr -> . expr ARROBA TIPO PONTO ID ABRE_PARENTESE expr_list FECHA_PARENTESE
    (24) expr -> . expr PONTO ID ABRE_PARENTESE expr_list FECHA_PARENTESE
    (25) expr -> . ID ABRE_PARENTESE expr_list FECHA_PARENTESE
    (26) expr -> . ID ABRE_PARENTESE error FECHA_PARENTESE
    (27) expr -> . IF expr THEN expr ELSE expr FI
    (28) expr -> . WHILE expr LOOP expr POOL
    (29) expr -> . ABRE_CHAVES expr_block_list FECHA_CHAVES
    (34) expr -> . LET ID DOISPONTOS TIPO OP_ATRIBUICAO expr expr_id_list IN expr
    (35) expr -> . LET ID DOISPONTOS TIPO expr_id_list IN expr
    (41) expr -> . CASE expr OF expr_case_list ESAC
    (45) expr -> . NEW TIPO
    (46) expr -> . ISVOID expr
    (47) expr -> . NOT expr
    (48) expr -> . expr OP_MAIS expr
    (49) expr -> . expr OP_MENOS expr
    (50) expr -> . expr OP_MULT expr
    (51) expr -> . expr OP_DIV expr
    (52) expr -> . OP_NEGACAO expr
    (53) expr -> . expr OP_MENOR expr
    (54) expr -> . expr OP_MENORIGUAL expr
    (55) expr -> . expr OP_IGUAL expr
    (56) expr -> . ABRE_PARENTESE expr FECHA_PARENTESE
    (57) expr -> . ID
    (58) expr -> . INTEIRO
    (59) expr -> . STRING
    (60) expr -> . TRUE
    (61) expr -> . FALSE
    (62) expr -> . REAL

    ID              shift and go to state 39
    IF              shift and go to state 43
    WHILE           shift and go to state 44
    ABRE_CHAVES     shift and go to state 45
    LET             shift and go to state 46
    CASE            shift and go to state 47
    NEW             shift and go to state 48
    ISVOID          shift and go to state 49
    NOT             shift and go to state 50
    OP_NEGACAO      shift and go to state 51
    ABRE_PARENTESE  shift and go to state 42
    INTEIRO         shift and go to state 52
    STRING          shift and go to state 53
    TRUE            shift and go to state 54
    FALSE           shift and go to state 55
    REAL            shift and go to state 56

    expr                           shift and go to state 164

state 160

    (36) expr_id_list -> expr_id_list VIRGULA ID DOISPONTOS . TIPO OP_ATRIBUICAO expr
    (37) expr_id_list -> expr_id_list VIRGULA ID DOISPONTOS . TIPO

    TIPO            shift and go to state 165


state 161

    (39) expr_id_list -> error VIRGULA ID DOISPONTOS . TIPO OP_ATRIBUICAO expr
    (40) expr_id_list -> error VIRGULA ID DOISPONTOS . TIPO

    TIPO            shift and go to state 166


state 162

    (42) expr_case_list -> expr_case_list ID DOISPONTOS TIPO SETA . expr PONTOEVIRGULA
    (44) expr_case_list -> expr_case_list ID DOISPONTOS TIPO SETA . error PONTOEVIRGULA
    (22) expr -> . ID OP_ATRIBUICAO expr
    (23) expr -> . expr ARROBA TIPO PONTO ID ABRE_PARENTESE expr_list FECHA_PARENTESE
    (24) expr -> . expr PONTO ID ABRE_PARENTESE expr_list FECHA_PARENTESE
    (25) expr -> . ID ABRE_PARENTESE expr_list FECHA_PARENTESE
    (26) expr -> . ID ABRE_PARENTESE error FECHA_PARENTESE
    (27) expr -> . IF expr THEN expr ELSE expr FI
    (28) expr -> . WHILE expr LOOP expr POOL
    (29) expr -> . ABRE_CHAVES expr_block_list FECHA_CHAVES
    (34) expr -> . LET ID DOISPONTOS TIPO OP_ATRIBUICAO expr expr_id_list IN expr
    (35) expr -> . LET ID DOISPONTOS TIPO expr_id_list IN expr
    (41) expr -> . CASE expr OF expr_case_list ESAC
    (45) expr -> . NEW TIPO
    (46) expr -> . ISVOID expr
    (47) expr -> . NOT expr
    (48) expr -> . expr OP_MAIS expr
    (49) expr -> . expr OP_MENOS expr
    (50) expr -> . expr OP_MULT expr
    (51) expr -> . expr OP_DIV expr
    (52) expr -> . OP_NEGACAO expr
    (53) expr -> . expr OP_MENOR expr
    (54) expr -> . expr OP_MENORIGUAL expr
    (55) expr -> . expr OP_IGUAL expr
    (56) expr -> . ABRE_PARENTESE expr FECHA_PARENTESE
    (57) expr -> . ID
    (58) expr -> . INTEIRO
    (59) expr -> . STRING
    (60) expr -> . TRUE
    (61) expr -> . FALSE
    (62) expr -> . REAL

    error           shift and go to state 168
    ID              shift and go to state 39
    IF              shift and go to state 43
    WHILE           shift and go to state 44
    ABRE_CHAVES     shift and go to state 45
    LET             shift and go to state 46
    CASE            shift and go to state 47
    NEW             shift and go to state 48
    ISVOID          shift and go to state 49
    NOT             shift and go to state 50
    OP_NEGACAO      shift and go to state 51
    ABRE_PARENTESE  shift and go to state 42
    INTEIRO         shift and go to state 52
    STRING          shift and go to state 53
    TRUE            shift and go to state 54
    FALSE           shift and go to state 55
    REAL            shift and go to state 56

    expr                           shift and go to state 167

state 163

    (43) expr_case_list -> ID DOISPONTOS TIPO SETA expr . PONTOEVIRGULA
    (23) expr -> expr . ARROBA TIPO PONTO ID ABRE_PARENTESE expr_list FECHA_PARENTESE
    (24) expr -> expr . PONTO ID ABRE_PARENTESE expr_list FECHA_PARENTESE
    (48) expr -> expr . OP_MAIS expr
    (49) expr -> expr . OP_MENOS expr
    (50) expr -> expr . OP_MULT expr
    (51) expr -> expr . OP_DIV expr
    (53) expr -> expr . OP_MENOR expr
    (54) expr -> expr . OP_MENORIGUAL expr
    (55) expr -> expr . OP_IGUAL expr

    PONTOEVIRGULA   shift and go to state 169
    ARROBA          shift and go to state 62
    PONTO           shift and go to state 63
    OP_MAIS         shift and go to state 64
    OP_MENOS        shift and go to state 65
    OP_MULT         shift and go to state 66
    OP_DIV          shift and go to state 67
    OP_MENOR        shift and go to state 68
    OP_MENORIGUAL   shift and go to state 69
    OP_IGUAL        shift and go to state 70


state 164

    (34) expr -> LET ID DOISPONTOS TIPO OP_ATRIBUICAO expr expr_id_list IN expr .
    (23) expr -> expr . ARROBA TIPO PONTO ID ABRE_PARENTESE expr_list FECHA_PARENTESE
    (24) expr -> expr . PONTO ID ABRE_PARENTESE expr_list FECHA_PARENTESE
    (48) expr -> expr . OP_MAIS expr
    (49) expr -> expr . OP_MENOS expr
    (50) expr -> expr . OP_MULT expr
    (51) expr -> expr . OP_DIV expr
    (53) expr -> expr . OP_MENOR expr
    (54) expr -> expr . OP_MENORIGUAL expr
    (55) expr -> expr . OP_IGUAL expr

  ! shift/reduce conflict for ARROBA resolved as shift
  ! shift/reduce conflict for PONTO resolved as shift
  ! shift/reduce conflict for OP_MAIS resolved as shift
  ! shift/reduce conflict for OP_MENOS resolved as shift
  ! shift/reduce conflict for OP_MULT resolved as shift
  ! shift/reduce conflict for OP_DIV resolved as shift
  ! shift/reduce conflict for OP_MENOR resolved as shift
  ! shift/reduce conflict for OP_MENORIGUAL resolved as shift
  ! shift/reduce conflict for OP_IGUAL resolved as shift
    PONTOEVIRGULA   reduce using rule 34 (expr -> LET ID DOISPONTOS TIPO OP_ATRIBUICAO expr expr_id_list IN expr .)
    FECHA_PARENTESE reduce using rule 34 (expr -> LET ID DOISPONTOS TIPO OP_ATRIBUICAO expr expr_id_list IN expr .)
    THEN            reduce using rule 34 (expr -> LET ID DOISPONTOS TIPO OP_ATRIBUICAO expr expr_id_list IN expr .)
    LOOP            reduce using rule 34 (expr -> LET ID DOISPONTOS TIPO OP_ATRIBUICAO expr expr_id_list IN expr .)
    OF              reduce using rule 34 (expr -> LET ID DOISPONTOS TIPO OP_ATRIBUICAO expr expr_id_list IN expr .)
    VIRGULA         reduce using rule 34 (expr -> LET ID DOISPONTOS TIPO OP_ATRIBUICAO expr expr_id_list IN expr .)
    FECHA_CHAVES    reduce using rule 34 (expr -> LET ID DOISPONTOS TIPO OP_ATRIBUICAO expr expr_id_list IN expr .)
    ELSE            reduce using rule 34 (expr -> LET ID DOISPONTOS TIPO OP_ATRIBUICAO expr expr_id_list IN expr .)
    POOL            reduce using rule 34 (expr -> LET ID DOISPONTOS TIPO OP_ATRIBUICAO expr expr_id_list IN expr .)
    FI              reduce using rule 34 (expr -> LET ID DOISPONTOS TIPO OP_ATRIBUICAO expr expr_id_list IN expr .)
    error           reduce using rule 34 (expr -> LET ID DOISPONTOS TIPO OP_ATRIBUICAO expr expr_id_list IN expr .)
    IN              reduce using rule 34 (expr -> LET ID DOISPONTOS TIPO OP_ATRIBUICAO expr expr_id_list IN expr .)
    ARROBA          shift and go to state 62
    PONTO           shift and go to state 63
    OP_MAIS         shift and go to state 64
    OP_MENOS        shift and go to state 65
    OP_MULT         shift and go to state 66
    OP_DIV          shift and go to state 67
    OP_MENOR        shift and go to state 68
    OP_MENORIGUAL   shift and go to state 69
    OP_IGUAL        shift and go to state 70

  ! ARROBA          [ reduce using rule 34 (expr -> LET ID DOISPONTOS TIPO OP_ATRIBUICAO expr expr_id_list IN expr .) ]
  ! PONTO           [ reduce using rule 34 (expr -> LET ID DOISPONTOS TIPO OP_ATRIBUICAO expr expr_id_list IN expr .) ]
  ! OP_MAIS         [ reduce using rule 34 (expr -> LET ID DOISPONTOS TIPO OP_ATRIBUICAO expr expr_id_list IN expr .) ]
  ! OP_MENOS        [ reduce using rule 34 (expr -> LET ID DOISPONTOS TIPO OP_ATRIBUICAO expr expr_id_list IN expr .) ]
  ! OP_MULT         [ reduce using rule 34 (expr -> LET ID DOISPONTOS TIPO OP_ATRIBUICAO expr expr_id_list IN expr .) ]
  ! OP_DIV          [ reduce using rule 34 (expr -> LET ID DOISPONTOS TIPO OP_ATRIBUICAO expr expr_id_list IN expr .) ]
  ! OP_MENOR        [ reduce using rule 34 (expr -> LET ID DOISPONTOS TIPO OP_ATRIBUICAO expr expr_id_list IN expr .) ]
  ! OP_MENORIGUAL   [ reduce using rule 34 (expr -> LET ID DOISPONTOS TIPO OP_ATRIBUICAO expr expr_id_list IN expr .) ]
  ! OP_IGUAL        [ reduce using rule 34 (expr -> LET ID DOISPONTOS TIPO OP_ATRIBUICAO expr expr_id_list IN expr .) ]


state 165

    (36) expr_id_list -> expr_id_list VIRGULA ID DOISPONTOS TIPO . OP_ATRIBUICAO expr
    (37) expr_id_list -> expr_id_list VIRGULA ID DOISPONTOS TIPO .

    OP_ATRIBUICAO   shift and go to state 170
    IN              reduce using rule 37 (expr_id_list -> expr_id_list VIRGULA ID DOISPONTOS TIPO .)
    VIRGULA         reduce using rule 37 (expr_id_list -> expr_id_list VIRGULA ID DOISPONTOS TIPO .)


state 166

    (39) expr_id_list -> error VIRGULA ID DOISPONTOS TIPO . OP_ATRIBUICAO expr
    (40) expr_id_list -> error VIRGULA ID DOISPONTOS TIPO .

    OP_ATRIBUICAO   shift and go to state 171
    IN              reduce using rule 40 (expr_id_list -> error VIRGULA ID DOISPONTOS TIPO .)
    VIRGULA         reduce using rule 40 (expr_id_list -> error VIRGULA ID DOISPONTOS TIPO .)


state 167

    (42) expr_case_list -> expr_case_list ID DOISPONTOS TIPO SETA expr . PONTOEVIRGULA
    (23) expr -> expr . ARROBA TIPO PONTO ID ABRE_PARENTESE expr_list FECHA_PARENTESE
    (24) expr -> expr . PONTO ID ABRE_PARENTESE expr_list FECHA_PARENTESE
    (48) expr -> expr . OP_MAIS expr
    (49) expr -> expr . OP_MENOS expr
    (50) expr -> expr . OP_MULT expr
    (51) expr -> expr . OP_DIV expr
    (53) expr -> expr . OP_MENOR expr
    (54) expr -> expr . OP_MENORIGUAL expr
    (55) expr -> expr . OP_IGUAL expr

    PONTOEVIRGULA   shift and go to state 172
    ARROBA          shift and go to state 62
    PONTO           shift and go to state 63
    OP_MAIS         shift and go to state 64
    OP_MENOS        shift and go to state 65
    OP_MULT         shift and go to state 66
    OP_DIV          shift and go to state 67
    OP_MENOR        shift and go to state 68
    OP_MENORIGUAL   shift and go to state 69
    OP_IGUAL        shift and go to state 70


state 168

    (44) expr_case_list -> expr_case_list ID DOISPONTOS TIPO SETA error . PONTOEVIRGULA

    PONTOEVIRGULA   shift and go to state 173


state 169

    (43) expr_case_list -> ID DOISPONTOS TIPO SETA expr PONTOEVIRGULA .

    ESAC            reduce using rule 43 (expr_case_list -> ID DOISPONTOS TIPO SETA expr PONTOEVIRGULA .)
    ID              reduce using rule 43 (expr_case_list -> ID DOISPONTOS TIPO SETA expr PONTOEVIRGULA .)


state 170

    (36) expr_id_list -> expr_id_list VIRGULA ID DOISPONTOS TIPO OP_ATRIBUICAO . expr
    (22) expr -> . ID OP_ATRIBUICAO expr
    (23) expr -> . expr ARROBA TIPO PONTO ID ABRE_PARENTESE expr_list FECHA_PARENTESE
    (24) expr -> . expr PONTO ID ABRE_PARENTESE expr_list FECHA_PARENTESE
    (25) expr -> . ID ABRE_PARENTESE expr_list FECHA_PARENTESE
    (26) expr -> . ID ABRE_PARENTESE error FECHA_PARENTESE
    (27) expr -> . IF expr THEN expr ELSE expr FI
    (28) expr -> . WHILE expr LOOP expr POOL
    (29) expr -> . ABRE_CHAVES expr_block_list FECHA_CHAVES
    (34) expr -> . LET ID DOISPONTOS TIPO OP_ATRIBUICAO expr expr_id_list IN expr
    (35) expr -> . LET ID DOISPONTOS TIPO expr_id_list IN expr
    (41) expr -> . CASE expr OF expr_case_list ESAC
    (45) expr -> . NEW TIPO
    (46) expr -> . ISVOID expr
    (47) expr -> . NOT expr
    (48) expr -> . expr OP_MAIS expr
    (49) expr -> . expr OP_MENOS expr
    (50) expr -> . expr OP_MULT expr
    (51) expr -> . expr OP_DIV expr
    (52) expr -> . OP_NEGACAO expr
    (53) expr -> . expr OP_MENOR expr
    (54) expr -> . expr OP_MENORIGUAL expr
    (55) expr -> . expr OP_IGUAL expr
    (56) expr -> . ABRE_PARENTESE expr FECHA_PARENTESE
    (57) expr -> . ID
    (58) expr -> . INTEIRO
    (59) expr -> . STRING
    (60) expr -> . TRUE
    (61) expr -> . FALSE
    (62) expr -> . REAL

    ID              shift and go to state 39
    IF              shift and go to state 43
    WHILE           shift and go to state 44
    ABRE_CHAVES     shift and go to state 45
    LET             shift and go to state 46
    CASE            shift and go to state 47
    NEW             shift and go to state 48
    ISVOID          shift and go to state 49
    NOT             shift and go to state 50
    OP_NEGACAO      shift and go to state 51
    ABRE_PARENTESE  shift and go to state 42
    INTEIRO         shift and go to state 52
    STRING          shift and go to state 53
    TRUE            shift and go to state 54
    FALSE           shift and go to state 55
    REAL            shift and go to state 56

    expr                           shift and go to state 174

state 171

    (39) expr_id_list -> error VIRGULA ID DOISPONTOS TIPO OP_ATRIBUICAO . expr
    (22) expr -> . ID OP_ATRIBUICAO expr
    (23) expr -> . expr ARROBA TIPO PONTO ID ABRE_PARENTESE expr_list FECHA_PARENTESE
    (24) expr -> . expr PONTO ID ABRE_PARENTESE expr_list FECHA_PARENTESE
    (25) expr -> . ID ABRE_PARENTESE expr_list FECHA_PARENTESE
    (26) expr -> . ID ABRE_PARENTESE error FECHA_PARENTESE
    (27) expr -> . IF expr THEN expr ELSE expr FI
    (28) expr -> . WHILE expr LOOP expr POOL
    (29) expr -> . ABRE_CHAVES expr_block_list FECHA_CHAVES
    (34) expr -> . LET ID DOISPONTOS TIPO OP_ATRIBUICAO expr expr_id_list IN expr
    (35) expr -> . LET ID DOISPONTOS TIPO expr_id_list IN expr
    (41) expr -> . CASE expr OF expr_case_list ESAC
    (45) expr -> . NEW TIPO
    (46) expr -> . ISVOID expr
    (47) expr -> . NOT expr
    (48) expr -> . expr OP_MAIS expr
    (49) expr -> . expr OP_MENOS expr
    (50) expr -> . expr OP_MULT expr
    (51) expr -> . expr OP_DIV expr
    (52) expr -> . OP_NEGACAO expr
    (53) expr -> . expr OP_MENOR expr
    (54) expr -> . expr OP_MENORIGUAL expr
    (55) expr -> . expr OP_IGUAL expr
    (56) expr -> . ABRE_PARENTESE expr FECHA_PARENTESE
    (57) expr -> . ID
    (58) expr -> . INTEIRO
    (59) expr -> . STRING
    (60) expr -> . TRUE
    (61) expr -> . FALSE
    (62) expr -> . REAL

    ID              shift and go to state 39
    IF              shift and go to state 43
    WHILE           shift and go to state 44
    ABRE_CHAVES     shift and go to state 45
    LET             shift and go to state 46
    CASE            shift and go to state 47
    NEW             shift and go to state 48
    ISVOID          shift and go to state 49
    NOT             shift and go to state 50
    OP_NEGACAO      shift and go to state 51
    ABRE_PARENTESE  shift and go to state 42
    INTEIRO         shift and go to state 52
    STRING          shift and go to state 53
    TRUE            shift and go to state 54
    FALSE           shift and go to state 55
    REAL            shift and go to state 56

    expr                           shift and go to state 175

state 172

    (42) expr_case_list -> expr_case_list ID DOISPONTOS TIPO SETA expr PONTOEVIRGULA .

    ESAC            reduce using rule 42 (expr_case_list -> expr_case_list ID DOISPONTOS TIPO SETA expr PONTOEVIRGULA .)
    ID              reduce using rule 42 (expr_case_list -> expr_case_list ID DOISPONTOS TIPO SETA expr PONTOEVIRGULA .)


state 173

    (44) expr_case_list -> expr_case_list ID DOISPONTOS TIPO SETA error PONTOEVIRGULA .

    ESAC            reduce using rule 44 (expr_case_list -> expr_case_list ID DOISPONTOS TIPO SETA error PONTOEVIRGULA .)
    ID              reduce using rule 44 (expr_case_list -> expr_case_list ID DOISPONTOS TIPO SETA error PONTOEVIRGULA .)


state 174

    (36) expr_id_list -> expr_id_list VIRGULA ID DOISPONTOS TIPO OP_ATRIBUICAO expr .
    (23) expr -> expr . ARROBA TIPO PONTO ID ABRE_PARENTESE expr_list FECHA_PARENTESE
    (24) expr -> expr . PONTO ID ABRE_PARENTESE expr_list FECHA_PARENTESE
    (48) expr -> expr . OP_MAIS expr
    (49) expr -> expr . OP_MENOS expr
    (50) expr -> expr . OP_MULT expr
    (51) expr -> expr . OP_DIV expr
    (53) expr -> expr . OP_MENOR expr
    (54) expr -> expr . OP_MENORIGUAL expr
    (55) expr -> expr . OP_IGUAL expr

    IN              reduce using rule 36 (expr_id_list -> expr_id_list VIRGULA ID DOISPONTOS TIPO OP_ATRIBUICAO expr .)
    VIRGULA         reduce using rule 36 (expr_id_list -> expr_id_list VIRGULA ID DOISPONTOS TIPO OP_ATRIBUICAO expr .)
    ARROBA          shift and go to state 62
    PONTO           shift and go to state 63
    OP_MAIS         shift and go to state 64
    OP_MENOS        shift and go to state 65
    OP_MULT         shift and go to state 66
    OP_DIV          shift and go to state 67
    OP_MENOR        shift and go to state 68
    OP_MENORIGUAL   shift and go to state 69
    OP_IGUAL        shift and go to state 70


state 175

    (39) expr_id_list -> error VIRGULA ID DOISPONTOS TIPO OP_ATRIBUICAO expr .
    (23) expr -> expr . ARROBA TIPO PONTO ID ABRE_PARENTESE expr_list FECHA_PARENTESE
    (24) expr -> expr . PONTO ID ABRE_PARENTESE expr_list FECHA_PARENTESE
    (48) expr -> expr . OP_MAIS expr
    (49) expr -> expr . OP_MENOS expr
    (50) expr -> expr . OP_MULT expr
    (51) expr -> expr . OP_DIV expr
    (53) expr -> expr . OP_MENOR expr
    (54) expr -> expr . OP_MENORIGUAL expr
    (55) expr -> expr . OP_IGUAL expr

    IN              reduce using rule 39 (expr_id_list -> error VIRGULA ID DOISPONTOS TIPO OP_ATRIBUICAO expr .)
    VIRGULA         reduce using rule 39 (expr_id_list -> error VIRGULA ID DOISPONTOS TIPO OP_ATRIBUICAO expr .)
    ARROBA          shift and go to state 62
    PONTO           shift and go to state 63
    OP_MAIS         shift and go to state 64
    OP_MENOS        shift and go to state 65
    OP_MULT         shift and go to state 66
    OP_DIV          shift and go to state 67
    OP_MENOR        shift and go to state 68
    OP_MENORIGUAL   shift and go to state 69
    OP_IGUAL        shift and go to state 70

WARNING: 
WARNING: Conflicts:
WARNING: 
WARNING: shift/reduce conflict for ID in state 8 resolved as shift
WARNING: shift/reduce conflict for ID in state 14 resolved as shift
WARNING: shift/reduce conflict for ARROBA in state 81 resolved as shift
WARNING: shift/reduce conflict for PONTO in state 81 resolved as shift
WARNING: shift/reduce conflict for OP_MAIS in state 81 resolved as shift
WARNING: shift/reduce conflict for OP_MENOS in state 81 resolved as shift
WARNING: shift/reduce conflict for OP_MULT in state 81 resolved as shift
WARNING: shift/reduce conflict for OP_DIV in state 81 resolved as shift
WARNING: shift/reduce conflict for OP_MENOR in state 81 resolved as shift
WARNING: shift/reduce conflict for OP_MENORIGUAL in state 81 resolved as shift
WARNING: shift/reduce conflict for OP_IGUAL in state 81 resolved as shift
WARNING: shift/reduce conflict for ARROBA in state 82 resolved as shift
WARNING: shift/reduce conflict for PONTO in state 82 resolved as shift
WARNING: shift/reduce conflict for OP_MAIS in state 82 resolved as shift
WARNING: shift/reduce conflict for OP_MENOS in state 82 resolved as shift
WARNING: shift/reduce conflict for OP_MULT in state 82 resolved as shift
WARNING: shift/reduce conflict for OP_DIV in state 82 resolved as shift
WARNING: shift/reduce conflict for OP_MENOR in state 82 resolved as shift
WARNING: shift/reduce conflict for OP_MENORIGUAL in state 82 resolved as shift
WARNING: shift/reduce conflict for OP_IGUAL in state 82 resolved as shift
WARNING: shift/reduce conflict for ARROBA in state 83 resolved as shift
WARNING: shift/reduce conflict for PONTO in state 83 resolved as shift
WARNING: shift/reduce conflict for OP_MAIS in state 83 resolved as shift
WARNING: shift/reduce conflict for OP_MENOS in state 83 resolved as shift
WARNING: shift/reduce conflict for OP_MULT in state 83 resolved as shift
WARNING: shift/reduce conflict for OP_DIV in state 83 resolved as shift
WARNING: shift/reduce conflict for OP_MENOR in state 83 resolved as shift
WARNING: shift/reduce conflict for OP_MENORIGUAL in state 83 resolved as shift
WARNING: shift/reduce conflict for OP_IGUAL in state 83 resolved as shift
WARNING: shift/reduce conflict for ARROBA in state 86 resolved as shift
WARNING: shift/reduce conflict for PONTO in state 86 resolved as shift
WARNING: shift/reduce conflict for OP_MAIS in state 86 resolved as shift
WARNING: shift/reduce conflict for OP_MENOS in state 86 resolved as shift
WARNING: shift/reduce conflict for OP_MULT in state 86 resolved as shift
WARNING: shift/reduce conflict for OP_DIV in state 86 resolved as shift
WARNING: shift/reduce conflict for OP_MENOR in state 86 resolved as shift
WARNING: shift/reduce conflict for OP_MENORIGUAL in state 86 resolved as shift
WARNING: shift/reduce conflict for OP_IGUAL in state 86 resolved as shift
WARNING: shift/reduce conflict for ARROBA in state 93 resolved as shift
WARNING: shift/reduce conflict for PONTO in state 93 resolved as shift
WARNING: shift/reduce conflict for OP_MAIS in state 93 resolved as shift
WARNING: shift/reduce conflict for OP_MENOS in state 93 resolved as shift
WARNING: shift/reduce conflict for OP_MULT in state 93 resolved as shift
WARNING: shift/reduce conflict for OP_DIV in state 93 resolved as shift
WARNING: shift/reduce conflict for OP_MENOR in state 93 resolved as shift
WARNING: shift/reduce conflict for OP_MENORIGUAL in state 93 resolved as shift
WARNING: shift/reduce conflict for OP_IGUAL in state 93 resolved as shift
WARNING: shift/reduce conflict for ARROBA in state 94 resolved as shift
WARNING: shift/reduce conflict for PONTO in state 94 resolved as shift
WARNING: shift/reduce conflict for OP_MAIS in state 94 resolved as shift
WARNING: shift/reduce conflict for OP_MENOS in state 94 resolved as shift
WARNING: shift/reduce conflict for OP_MULT in state 94 resolved as shift
WARNING: shift/reduce conflict for OP_DIV in state 94 resolved as shift
WARNING: shift/reduce conflict for OP_MENOR in state 94 resolved as shift
WARNING: shift/reduce conflict for OP_MENORIGUAL in state 94 resolved as shift
WARNING: shift/reduce conflict for OP_IGUAL in state 94 resolved as shift
WARNING: shift/reduce conflict for ARROBA in state 95 resolved as shift
WARNING: shift/reduce conflict for PONTO in state 95 resolved as shift
WARNING: shift/reduce conflict for OP_MAIS in state 95 resolved as shift
WARNING: shift/reduce conflict for OP_MENOS in state 95 resolved as shift
WARNING: shift/reduce conflict for OP_MULT in state 95 resolved as shift
WARNING: shift/reduce conflict for OP_DIV in state 95 resolved as shift
WARNING: shift/reduce conflict for OP_MENOR in state 95 resolved as shift
WARNING: shift/reduce conflict for OP_MENORIGUAL in state 95 resolved as shift
WARNING: shift/reduce conflict for OP_IGUAL in state 95 resolved as shift
WARNING: shift/reduce conflict for ARROBA in state 96 resolved as shift
WARNING: shift/reduce conflict for PONTO in state 96 resolved as shift
WARNING: shift/reduce conflict for OP_MAIS in state 96 resolved as shift
WARNING: shift/reduce conflict for OP_MENOS in state 96 resolved as shift
WARNING: shift/reduce conflict for OP_MULT in state 96 resolved as shift
WARNING: shift/reduce conflict for OP_DIV in state 96 resolved as shift
WARNING: shift/reduce conflict for OP_MENOR in state 96 resolved as shift
WARNING: shift/reduce conflict for OP_MENORIGUAL in state 96 resolved as shift
WARNING: shift/reduce conflict for OP_IGUAL in state 96 resolved as shift
WARNING: shift/reduce conflict for ARROBA in state 97 resolved as shift
WARNING: shift/reduce conflict for PONTO in state 97 resolved as shift
WARNING: shift/reduce conflict for OP_MAIS in state 97 resolved as shift
WARNING: shift/reduce conflict for OP_MENOS in state 97 resolved as shift
WARNING: shift/reduce conflict for OP_MULT in state 97 resolved as shift
WARNING: shift/reduce conflict for OP_DIV in state 97 resolved as shift
WARNING: shift/reduce conflict for OP_MENOR in state 97 resolved as shift
WARNING: shift/reduce conflict for OP_MENORIGUAL in state 97 resolved as shift
WARNING: shift/reduce conflict for OP_IGUAL in state 97 resolved as shift
WARNING: shift/reduce conflict for ARROBA in state 98 resolved as shift
WARNING: shift/reduce conflict for PONTO in state 98 resolved as shift
WARNING: shift/reduce conflict for OP_MAIS in state 98 resolved as shift
WARNING: shift/reduce conflict for OP_MENOS in state 98 resolved as shift
WARNING: shift/reduce conflict for OP_MULT in state 98 resolved as shift
WARNING: shift/reduce conflict for OP_DIV in state 98 resolved as shift
WARNING: shift/reduce conflict for OP_MENOR in state 98 resolved as shift
WARNING: shift/reduce conflict for OP_MENORIGUAL in state 98 resolved as shift
WARNING: shift/reduce conflict for OP_IGUAL in state 98 resolved as shift
WARNING: shift/reduce conflict for ARROBA in state 99 resolved as shift
WARNING: shift/reduce conflict for PONTO in state 99 resolved as shift
WARNING: shift/reduce conflict for OP_MAIS in state 99 resolved as shift
WARNING: shift/reduce conflict for OP_MENOS in state 99 resolved as shift
WARNING: shift/reduce conflict for OP_MULT in state 99 resolved as shift
WARNING: shift/reduce conflict for OP_DIV in state 99 resolved as shift
WARNING: shift/reduce conflict for OP_MENOR in state 99 resolved as shift
WARNING: shift/reduce conflict for OP_MENORIGUAL in state 99 resolved as shift
WARNING: shift/reduce conflict for OP_IGUAL in state 99 resolved as shift
WARNING: shift/reduce conflict for ARROBA in state 153 resolved as shift
WARNING: shift/reduce conflict for PONTO in state 153 resolved as shift
WARNING: shift/reduce conflict for OP_MAIS in state 153 resolved as shift
WARNING: shift/reduce conflict for OP_MENOS in state 153 resolved as shift
WARNING: shift/reduce conflict for OP_MULT in state 153 resolved as shift
WARNING: shift/reduce conflict for OP_DIV in state 153 resolved as shift
WARNING: shift/reduce conflict for OP_MENOR in state 153 resolved as shift
WARNING: shift/reduce conflict for OP_MENORIGUAL in state 153 resolved as shift
WARNING: shift/reduce conflict for OP_IGUAL in state 153 resolved as shift
WARNING: shift/reduce conflict for ARROBA in state 164 resolved as shift
WARNING: shift/reduce conflict for PONTO in state 164 resolved as shift
WARNING: shift/reduce conflict for OP_MAIS in state 164 resolved as shift
WARNING: shift/reduce conflict for OP_MENOS in state 164 resolved as shift
WARNING: shift/reduce conflict for OP_MULT in state 164 resolved as shift
WARNING: shift/reduce conflict for OP_DIV in state 164 resolved as shift
WARNING: shift/reduce conflict for OP_MENOR in state 164 resolved as shift
WARNING: shift/reduce conflict for OP_MENORIGUAL in state 164 resolved as shift
WARNING: shift/reduce conflict for OP_IGUAL in state 164 resolved as shift
